Study Site,Transect,Sample Date,Distance from road (m),Water depth (cm),Thaw depth (cm),Vegetation Height (cm),Vegetation Type,Microrelief Type,,,,,,,,,,,,,
Colleen,T1,2021-08-24,0,0,110,20,B,RB,,,,,,,,,,,,,
Colleen,T1,2021-08-24,1,0,110,10,"Caaq,Salova",RB,,,,,,,,,,,,,
Colleen,T1,2021-08-24,2,0,100,12,Trench berm,RB,,,,,,,,,,,,,
Colleen,T1,2021-08-24,3,0,72,10,U4d,RB,,,,,,,,,,,,,
Colleen,T1,2021-08-24,4,0,60,14,U4d,FC,,,,,,,,,,,,,
Colleen,T1,2021-08-24,5,0,61,15,U4d,R,,,,,,,,,,,,,
Colleen,T1,2021-08-24,6,0,63,13,U4d,LC,,,,,,,,,,,,,
Colleen,T1,2021-08-24,7,0,66,10,U4d,R,,,,,,,,,,,,,
Colleen,T1,2021-08-24,8,0,58,13,M2d,T,,,,,,,,,,,,,
Colleen,T1,2021-08-24,9,0,67,12,U4d,R,,,,,,,,,,,,,
Colleen,T1,2021-08-24,10,0,68,15,U4d,R,,,,,,,,,,,,,
Colleen,T1,2021-08-24,11,0,67,15,U4d,R,,,,,,,,,,,,,
Colleen,T1,2021-08-24,12,0,73,14,U4d,R,,,,,,,,,,,,,
Colleen,T1,2021-08-24,13,0,68,12,M2d,LC,,,,,,,,,,,,,
Colleen,T1,2021-08-24,14,0,68,12,M2d,LC,,,,,,,,,,,,,
Colleen,T1,2021-08-24,15,0,68,10,M2d,LC,,,,,,,,,,,,,
Colleen,T1,2021-08-24,16,0,69,14,M2d,LC,,,,,,,,,,,,,
Colleen,T1,2021-08-24,17,0,69,10,M2d,LC,,,,,,,,,,,,,
Colleen,T1,2021-08-24,18,0,69,10,M2d,LC,,,,,,,,,,,,,
Colleen,T1,2021-08-24,19,0,67,13,M2d,LC,,,,,,,,,,,,,
Colleen,T1,2021-08-24,20,0,67,15,M2d,LC,,,,,,,,,,,,,
Colleen,T1,2021-08-24,21,0,66,13,U4d,LC,,,,,,,,,,,,,
Colleen,T1,2021-08-24,22,0,61,10,U4d,LC,,,,,,,,,,,,,
Colleen,T1,2021-08-24,23,0,65,12,U4d,R,,,,,,,,,,,,,
Colleen,T1,2021-08-24,24,0,68,15,U4d,R,,,,,,,,,,,,,
Colleen,T1,2021-08-24,25,0,62,30,E1d,T,,,,,,,,,,,,,
Colleen,T1,2021-08-24,26,0,52,16,E1d,T,,,,,,,,,,,,,
Colleen,T1,2021-08-24,27,0,59,35,E1d,T,,,,,,,,,,,,,
Colleen,T1,2021-08-24,28,0,50,28,E1d,T,,,,,,,,,,,,,
Colleen,T1,2021-08-24,29,0,47,30,E1d,T,,,,,,,,,,,,,
Colleen,T1,2021-08-24,30,0,47,17,E1d,T,,,,,,,,,,,,,
Colleen,T1,2021-08-24,31,0,47,22,M2d,R,,,,,,,,,,,,,
Colleen,T1,2021-08-24,32,0,65,16,U4d,R,,,,,,,,,,,,,
Colleen,T1,2021-08-24,33,0,62,16,U4d,R,,,,,,,,,,,,,
Colleen,T1,2021-08-24,34,0,61,14,U4d,R,,,,,,,,,,,,,
Colleen,T1,2021-08-24,35,0,61,5,U4d,R,,,,,,,,,,,,,
Colleen,T1,2021-08-24,36,0,46,18,U4d,T,,,,,,,,,,,,,
Colleen,T1,2021-08-24,37,0,46,16,E1d,T,,,,,,,,,,,,,
Colleen,T1,2021-08-24,38,0,47,30,E1d,T,,,,,,,,,,,,,
Colleen,T1,2021-08-24,39,0,32,0,E1d,T,,,,,,,,,,,,,
Colleen,T1,2021-08-24,40,0,54,23,E1d,T,,,,,,,,,,,,,
Colleen,T1,2021-08-24,41,0,54,20,U4d,R,,,,,,,,,,,,,
Colleen,T1,2021-08-24,42,0,51,13,U3d,R,,,,,,,,,,,,,
Colleen,T1,2021-08-24,43,0,51,10,M2d,LC,,,,,,,,,,,,,
Colleen,T1,2021-08-24,44,0,50,15,M2d,LC,,,,,,,,,,,,,
Colleen,T1,2021-08-24,45,0,52,15,M2d,LC,,,,,,,,,,,,,
Colleen,T1,2021-08-24,46,0,57,14,U4d,R,,,,,,,,,,,,,
Colleen,T1,2021-08-24,47,0,48,10,M2d,T,,,,,,,,,,,,,
Colleen,T1,2021-08-24,48,0,47,17,M2d,T,,,,,,,,,,,,,
Colleen,T1,2021-08-24,49,0,49,16,M2d,T,,,,,,,,,,,,,
Colleen,T1,2021-08-24,50,0,52,15,M2d,T,,,,,,,,,,,,,
Colleen,T1,2021-08-24,51,0,50,16,U4d,T,,,,,,,,,,,,,
Colleen,T1,2021-08-24,52,0,57,13,U4d,R,,,,,,,,,,,,,
Colleen,T1,2021-08-24,53,0,55,14,M2d,LC,,,,,,,,,,,,,
Colleen,T1,2021-08-24,54,0,57,12,M2d,LC,,,,,,,,,,,,,
Colleen,T1,2021-08-24,55,0,58,15,M2d,LC,,,,,,,,,,,,,
Colleen,T1,2021-08-24,56,0,60,10,M2d,LC,,,,,,,,,,,,,
Colleen,T1,2021-08-24,57,0,59,14,U4d,R,,,,,,,,,,,,,
Colleen,T1,2021-08-24,58,0,54,7,U4d,T,,,,,,,,,,,,,
Colleen,T1,2021-08-24,59,0,46,14,M2d,T,,,,,,,,,,,,,
Colleen,T1,2021-08-24,60,0,56,8,U3d,R,,,,,,,,,,,,,
Colleen,T1,2021-08-24,61,0,54,10,M2d,LC,,,,,,,,,,,,,
Colleen,T1,2021-08-24,62,0,54,13,M2d,LC,,,,,,,,,,,,,
Colleen,T1,2021-08-24,63,0,60,13,U4d,LC,,,,,,,,,,,,,
Colleen,T1,2021-08-24,64,0,60,10,M2d,LC,,,,,,,,,,,,,
Colleen,T1,2021-08-24,65,0,59,12,M2d,LC,,,,,,,,,,,,,
Colleen,T1,2021-08-24,66,0,53,9,M2d,LC,,,,,,,,,,,,,
Colleen,T1,2021-08-24,67,0,51,11,M2d,LC,,,,,,,,,,,,,
Colleen,T1,2021-08-24,68,0,50,11,M2d,LC,,,,,,,,,,,,,
Colleen,T1,2021-08-24,69,0,49,12,U4d,R,,,,,,,,,,,,,
Colleen,T1,2021-08-24,70,0,48,15,U4d,R,,,,,,,,,,,,,
Colleen,T1,2021-08-24,71,12,55,40,E1d,P,,,,,,,,,,,,,
Colleen,T1,2021-08-24,72,40,60,0,E1d,P,,,,,,,,,,,,,
Colleen,T1,2021-08-24,73,49,59,0,W1,P,,,,,,,,,,,,,
Colleen,T1,2021-08-24,74,70,66,0,W1,P,,,,,,,,,,,,,
Colleen,T1,2021-08-24,75,53,67,15,W1,P,,,,,,,,,,,,,
Colleen,T1,2021-08-24,76,60,57,0,W1,P,,,,,,,,,,,,,
Colleen,T1,2021-08-24,77,38,56,0,E1d,P,,,,,,,,,,,,,
Colleen,T1,2021-08-24,78,0,59,16,M2d,FC,,,,,,,,,,,,,
Colleen,T1,2021-08-24,79,0,45,14,U4d,FC,,,,,,,,,,,,,
Colleen,T1,2021-08-24,80,0,51,15,U4d,FC,,,,,,,,,,,,,
Colleen,T1,2021-08-24,81,0,52,16,U4d,FC,,,,,,,,,,,,,
Colleen,T1,2021-08-24,82,0,55,10,U4d,FC,,,,,,,,,,,,,
Colleen,T1,2021-08-24,83,0,48,13,U4d,FC,,,,,,,,,,,,,
Colleen,T1,2021-08-24,84,0,51,13,U4d,FC,,,,,,,,,,,,,
Colleen,T1,2021-08-24,85,0,47,12,U4d,FB,,,,,,,,,,,,,
Colleen,T1,2021-08-24,86,0,43,12,U3d,R,,,,,,,,,,,,,
Colleen,T1,2021-08-24,87,0,42,12,U3d,FC,,,,,,,,,,,,,
Colleen,T1,2021-08-24,88,0,44,12,U3d,FC,,,,,,,,,,,,,
Colleen,T1,2021-08-24,89,0,48,5,U3d,FC,,,,,,,,,,,,,
Colleen,T1,2021-08-24,90,0,54,10,U3d,R,,,,,,,,,,,,,
Colleen,T1,2021-08-24,91,0,59,2,U3d,R,,,,,,,,,,,,,
Colleen,T1,2021-08-24,92,0,60,12,U3d,R,,,,,,,,,,,,,
Colleen,T1,2021-08-24,93,9,57,35,E1d,T,,,,,,,,,,,,,
Colleen,T1,2021-08-24,94,17,49,30,E1d,T,,,,,,,,,,,,,
Colleen,T1,2021-08-24,95,25,46,35,E1d,T,,,,,,,,,,,,,
Colleen,T1,2021-08-24,96,30,40,35,E1d,T,,,,,,,,,,,,,
Colleen,T1,2021-08-24,97,16,47,45,U4d,R,,,,,,,,,,,,,
Colleen,T1,2021-08-24,98,0,62,12,E1,T,,,,,,,,,,,,,
Colleen,T1,2021-08-24,99,0,55,14,U4d,LC,,,,,,,,,,,,,
Colleen,T1,2021-08-24,100,0,49,13,U4d,LC,,,,,,,,,,,,,
Colleen,T1,2021-08-24,105,0,60,16,U3d,R,,,,,,,,,,,,,
Colleen,T1,2021-08-24,110,0,52,11,U4d,R,,,,,,,,,,,,,
Colleen,T1,2021-08-24,115,0,53,12,U4d,R,,,,,,,,,,,,,
Colleen,T1,2021-08-24,120,0,50,4,U3d,R,,,,,,,,,,,,,
Colleen,T1,2021-08-24,125,0,66,2,U3d,R,,,,,,,,,,,,,
Colleen,T1,2021-08-24,130,0,52,14,M2d,LC,,,,,,,,,,,,,
Colleen,T1,2021-08-24,135,0,57,17,M2d,LC,,,,,,,,,,,,,
Colleen,T1,2021-08-24,140,1,56,22,M2d,T,,,,,,,,,,,,,
Colleen,T1,2021-08-24,145,0,46,10,U4d,R,,,,,,,,,,,,,
Colleen,T1,2021-08-24,150,0,56,10,U4d,R,,,,,,,,,,,,,
Colleen,T1,2021-08-24,155,0,48,15,U4d,R,,,,,,,,,,,,,
Colleen,T1,2021-08-24,160,0,53,20,M2d,T,,,,,,,,,,,,,
Colleen,T1,2021-08-24,165,27,54,42,E1d,T,,,,,,,,,,,,,
Colleen,T1,2021-08-24,170,0,40,12,U4d,LC,,,,,,,,,,,,,
Colleen,T1,2021-08-24,175,0,58,12,M2d,FC,,,,,,,,,,,,,
Colleen,T1,2021-08-24,180,0,55,20,E1d,P,,,,,,,,,,,,,
Colleen,T1,2021-08-24,185,6,53,15,M2d,LC,,,,,,,,,,,,,
Colleen,T1,2021-08-24,190,0,52,13,M2d,LC,,,,,,,,,,,,,
Colleen,T1,2021-08-24,195,0,48,15,U4d,R,,,,,,,,,,,,,
Colleen,T1,2021-08-24,200,7,53,24,E1d,T,,,,,,,,,,,,,
Colleen,T2,2021-08-24,0,0,125,0,B,RB,,,,,,,,,,,,,
Colleen,T2,2021-08-24,1,0,118,1,PUCPHR,RB,,,,,,,,,,,,,
Colleen,T2,2021-08-24,2,0,103,1,B,RB,,,,,,,,,,,,,
Colleen,T2,2021-08-24,3,0,90,12,CARAQU,RB,,,,,,,,,,,,,
Colleen,T2,2021-08-24,4,0,82,10,CARAQU,HC,,,,,,,,,,,,,
Colleen,T2,2021-08-24,5,0,74,15,M2d,HC,,,,,,,,,,,,,
Colleen,T2,2021-08-24,6,0,75,13,M2d,HC,,,,,,,,,,,,,
Colleen,T2,2021-08-24,7,8,60,16,M2d,T,,,,,,,,,,,,,
Colleen,T2,2021-08-24,8,0,68,18,M2d,HC,,,,,,,,,,,,,
Colleen,T2,2021-08-24,9,0,63,20,M2d,HC,,,,,,,,,,,,,
Colleen,T2,2021-08-24,10,0,67,18,M2d,HC,,,,,,,,,,,,,
Colleen,T2,2021-08-24,11,0,65,14,M2d,HC,,,,,,,,,,,,,
Colleen,T2,2021-08-24,12,0,58,20,M2d,HC,,,,,,,,,,,,,
Colleen,T2,2021-08-24,13,0,59,15,M2d,HC,,,,,,,,,,,,,
Colleen,T2,2021-08-24,14,0,64,25,E1D,HC,,,,,,,,,,,,,
Colleen,T2,2021-08-24,15,18,70,34,E1d,T,,,,,,,,,,,,,
Colleen,T2,2021-08-24,16,50,70,0,E1d,T,,,,,,,,,,,,,
Colleen,T2,2021-08-24,17,75,53,20,HIPVUL,T,,,,,,,,,,,,,
Colleen,T2,2021-08-24,18,50,70,10,W,T,,,,,,,,,,,,,
Colleen,T2,2021-08-24,19,30,68,37,E1d,T,,,,,,,,,,,,,
Colleen,T2,2021-08-24,20,5,63,22,HIPVUL,T,,,,,,,,,,,,,
Colleen,T2,2021-08-24,21,8,67,25,E1d,T,,,,,,,,,,,,,
Colleen,T2,2021-08-24,22,0,62,15,M2d,HC,,,,,,,,,,,,,
Colleen,T2,2021-08-24,23,0,62,15,M2d,HC,,,,,,,,,,,,,
Colleen,T2,2021-08-24,24,0,60,13,M2d,HC,,,,,,,,,,,,,
Colleen,T2,2021-08-24,25,0,63,15,M2d,HC,,,,,,,,,,,,,
Colleen,T2,2021-08-24,26,0,60,10,M2d,HC,,,,,,,,,,,,,
Colleen,T2,2021-08-24,27,0,61,12,M2d,HC,,,,,,,,,,,,,
Colleen,T2,2021-08-24,28,0,63,15,M2d,HC,,,,,,,,,,,,,
Colleen,T2,2021-08-24,29,0,63,14,M2d,HC,,,,,,,,,,,,,
Colleen,T2,2021-08-24,30,0,61,15,M2d,HC,,,,,,,,,,,,,
Colleen,T2,2021-08-24,31,0,61,12,M2d,HC,,,,,,,,,,,,,
Colleen,T2,2021-08-24,32,0,39,15,M2d,HC,,,,,,,,,,,,,
Colleen,T2,2021-08-24,33,0,61,14,M2d,HC,,,,,,,,,,,,,
Colleen,T2,2021-08-24,34,0,62,17,M2d,HC,,,,,,,,,,,,,
Colleen,T2,2021-08-24,35,10,64,35,E1d,T,,,,,,,,,,,,,
Colleen,T2,2021-08-24,36,38,50,47,E1d,T,,,,,,,,,,,,,
Colleen,T2,2021-08-24,37,28,59,20,CALGIG,T,,,,,,,,,,,,,
Colleen,T2,2021-08-24,38,24,57,40,E1d,T,,,,,,,,,,,,,
Colleen,T2,2021-08-24,39,18,56,34,E1d,T,,,,,,,,,,,,,
Colleen,T2,2021-08-24,40,20,53,34,E1d,T,,,,,,,,,,,,,
Colleen,T2,2021-08-24,41,16,57,35,E1d,T,,,,,,,,,,,,,
Colleen,T2,2021-08-24,42,6,52,33,E1d,T,,,,,,,,,,,,,
Colleen,T2,2021-08-24,43,3,49,50,E1d,T,,,,,,,,,,,,,
Colleen,T2,2021-08-24,44,45,48,15,CALGIG,T,,,,,,,,,,,,,
Colleen,T2,2021-08-24,45,48,40,10,HIPVUL,T,,,,,,,,,,,,,
Colleen,T2,2021-08-24,46,44,42,15,HIPVUL,T,,,,,,,,,,,,,
Colleen,T2,2021-08-24,47,45,36,23,CALGIG,T,,,,,,,,,,,,,
Colleen,T2,2021-08-24,48,35,50,15,HIPVUL,T,,,,,,,,,,,,,
Colleen,T2,2021-08-24,49,20,63,36,E1d,T,,,,,,,,,,,,,
Colleen,T2,2021-08-24,50,0,54,30,E1d,T,,,,,,,,,,,,,
Colleen,T2,2021-08-24,51,0,51,18,U4d,R,,,,,,,,,,,,,
Colleen,T2,2021-08-24,52,0,57,15,U4d,R,,,,,,,,,,,,,
Colleen,T2,2021-08-24,53,0,62,16,U4d,R,,,,,,,,,,,,,
Colleen,T2,2021-08-24,54,0,59,20,U4d,R,,,,,,,,,,,,,
Colleen,T2,2021-08-24,55,0,58,15,U4d,R,,,,,,,,,,,,,
Colleen,T2,2021-08-24,56,0,58,15,U4d,R,,,,,,,,,,,,,
Colleen,T2,2021-08-24,57,0,51,14,M2d,R,,,,,,,,,,,,,
Colleen,T2,2021-08-24,58,0,56,12,M2d,T,,,,,,,,,,,,,
Colleen,T2,2021-08-24,59,0,59,12,M2d,T,,,,,,,,,,,,,
Colleen,T2,2021-08-24,60,0,58,20,M2d,HC,,,,,,,,,,,,,
Colleen,T2,2021-08-24,61,0,58,15,M2d,HC,,,,,,,,,,,,,
Colleen,T2,2021-08-24,62,0,55,12,M2d,HC,,,,,,,,,,,,,
Colleen,T2,2021-08-24,63,0,53,14,U4d,HC,,,,,,,,,,,,,
Colleen,T2,2021-08-24,64,0,50,15,U4d,HC,,,,,,,,,,,,,
Colleen,T2,2021-08-24,65,0,46,12,U4d,HC,,,,,,,,,,,,,
Colleen,T2,2021-08-24,66,0,46,14,U4d,HC,,,,,,,,,,,,,
Colleen,T2,2021-08-24,67,0,55,12,U4d,HC,,,,,,,,,,,,,
Colleen,T2,2021-08-24,68,0,66,20,U4d,T,,,,,,,,,,,,,
Colleen,T2,2021-08-24,69,10,53,30,E1d,P,,,,,,,,,,,,,
Colleen,T2,2021-08-24,70,11,55,25,E1d,P,,,,,,,,,,,,,
Colleen,T2,2021-08-24,71,5,60,13,HIPVUL,P,,,,,,,,,,,,,
Colleen,T2,2021-08-24,72,0,61,14,U4d,HC,,,,,,,,,,,,,
Colleen,T2,2021-08-24,73,0,56,20,U4d,P,,,,,,,,,,,,,
Colleen,T2,2021-08-24,74,0,52,17,U4d,HC,,,,,,,,,,,,,
Colleen,T2,2021-08-24,75,0,54,15,U4d,HC,,,,,,,,,,,,,
Colleen,T2,2021-08-24,76,0,49,14,U4d,HC,,,,,,,,,,,,,
Colleen,T2,2021-08-24,77,0,48,15,U4d,HC,,,,,,,,,,,,,
Colleen,T2,2021-08-24,78,0,48,10,U4d,HC,,,,,,,,,,,,,
Colleen,T2,2021-08-24,79,0,50,10,U4d,HC,,,,,,,,,,,,,
Colleen,T2,2021-08-24,80,0,50,11,U4d,HC,,,,,,,,,,,,,
Colleen,T2,2021-08-24,81,0,47,10,U4d,HC,,,,,,,,,,,,,
Colleen,T2,2021-08-24,82,0,56,9,U4d,HC,,,,,,,,,,,,,
Colleen,T2,2021-08-24,83,3,72,0,B,P,,,,,,,,,,,,,
Colleen,T2,2021-08-24,84,15,90,2,RANHYP,P,,,,,,,,,,,,,
Colleen,T2,2021-08-24,85,54,55,29,CALGIG,P,,,,,,,,,,,,,
Colleen,T2,2021-08-24,86,58,48,30,CALIGIG,P,,,,,,,,,,,,,
Colleen,T2,2021-08-24,87,80,20,20,CALIGIG,P,,,,,,,,,,,,,
Colleen,T2,2021-08-24,88,62,38,40,CALIGIG,P,,,,,,,,,,,,,
Colleen,T2,2021-08-24,89,50,48,25,CALIGIG,P,,,,,,,,,,,,,
Colleen,T2,2021-08-24,90,37,63,22,CALGIG-RANHYP,P,,,,,,,,,,,,,
Colleen,T2,2021-08-24,91,34,60,24,HIPVUL-RANHYP,P,,,,,,,,,,,,,
Colleen,T2,2021-08-24,92,8,77,15,RANHYP-HIPVUL-CALGIG,P,,,,,,,,,,,,,
Colleen,T2,2021-08-24,93,22,79,15,Eid,P,,,,,,,,,,,,,
Colleen,T2,2021-08-24,94,0,74,11,M2d,T,,,,,,,,,,,,,
Colleen,T2,2021-08-24,95,0,52,5,U4d,HC,,,,,,,,,,,,,
Colleen,T2,2021-08-24,96,0,53,15,U4d,HC,,,,,,,,,,,,,
Colleen,T2,2021-08-24,97,0,60,14,U4d,HC,,,,,,,,,,,,,
Colleen,T2,2021-08-24,98,0,59,12,U4d,HC,,,,,,,,,,,,,
Colleen,T2,2021-08-24,99,0,68,13,U4d,HC,,,,,,,,,,,,,
Colleen,T2,2021-08-24,100,0,56,14,U4d,HC,,,,,,,,,,,,,
Colleen,T2,2021-08-24,105,0,64,15,B,F,,,,,,,,,,,,,
Colleen,T2,2021-08-24,110,0,68,10,B,F,,,,,,,,,,,,,
Colleen,T2,2021-08-24,115,21,44,15,M4d,T,,,,,,,,,,,,,
Colleen,T2,2021-08-24,120,0,69,17,M2d,FB,,,,,,,,,,,,,
Colleen,T2,2021-08-24,125,0,77,24,M2d,FB,,,,,,,,,,,,,
Colleen,T2,2021-08-24,130,0,55,13,M2d,HC,,,,,,,,,,,,,
Colleen,T2,2021-08-24,135,23,53,20,SCOSCO,P,,,,,,,,,,,,,
Colleen,T2,2021-08-24,140,0,53,11,U4d,HC,,,,,,,,,,,,,
Colleen,T2,2021-08-24,145,0,51,20,M2d,HC,,,,,,,,,,,,,
Colleen,T2,2021-08-24,150,0,56,13,M2d,HC,,,,,,,,,,,,,
Colleen,T2,2021-08-24,155,0,55,18,U4d,HC,,,,,,,,,,,,,
Colleen,T2,2021-08-24,160,0,58,14,M2d,HC,,,,,,,,,,,,,
Colleen,T2,2021-08-24,165,0,60,12,M3d,HC,,,,,,,,,,,,,
Colleen,T2,2021-08-24,170,30,58,0,B,T,,,,,,,,,,,,,
Colleen,T2,2021-08-24,175,0,53,18,U4d,HC,,,,,,,,,,,,,
Colleen,T2,2021-08-24,180,0,46,14,U4d,HC,,,,,,,,,,,,,
Colleen,T2,2021-08-24,185,0,55,13,E1d,T,,,,,,,,,,,,,
Colleen,T2,2021-08-24,190,0,57,15,U4d,HC,,,,,,,,,,,,,
Colleen,T2,2021-08-24,195,2,55,20,E1d,T,,,,,,,,,,,,,
Colleen,T2,2021-08-24,200,0,50,18,U4d,HC,,,,,,,,,,,,,
Airport,T3,2021-08-24,0,Road berm,Road berm,Road berm,gravel,RB,,,,,,,,,,,,,
Airport,T3,2021-08-24,1,Road berm,Road berm,Road berm,gravel,RB,,,,,,,,,,,,,
Airport,T3,2021-08-24,2,Road berm,Road berm,Road berm,gravel,RB,,,,,,,,,,,,,
Airport,T3,2021-08-24,3,Road berm,Road berm,Road berm,gravel,RB,,,,,,,,,,,,,
Airport,T3,2021-08-24,4,Road berm,Road berm,Road berm,gravel,RB,,,,,,,,,,,,,
Airport,T3,2021-08-24,5,0,65,0,gravel,HC,,,,,,,,,,,,,
Airport,T3,2021-08-24,6,0,69,1,Bare,R,,,,,,,,,,,,,
Airport,T3,2021-08-24,7,o,51,18,Bare,R,,,,,,,,,,,,,
Airport,T3,2021-08-24,8,9,55,25,E1d,T,,,,,,,,,,,,,
Airport,T3,2021-08-24,9,0,54,28,E1d,T,,,,,,,,,,,,,
Airport,T3,2021-08-24,10,0,66,1,B16,R,,,,,,,,,,,,,
Airport,T3,2021-08-24,11,0,64,0,Bare,HC,,,,,,,,,,,,,
Airport,T3,2021-08-24,12,0,58,0,Bare,R,,,,,,,,,,,,,
Airport,T3,2021-08-24,13,0,60,1,SALOVA/SALRIC,HC,,,,,,,,,,,,,
Airport,T3,2021-08-24,14,0,63,1,Bare,HC,,,,,,,,,,,,,
Airport,T3,2021-08-24,15,0,63,1,SALOVA,HC,,,,,,,,,,,,,
Airport,T3,2021-08-24,16,0,62,1,SALOVA,"T, edge",,,,,,,,,,,,,
Airport,T3,2021-08-24,17,0,53,0,Bare,T,,,,,,,,,,,,,
Airport,T3,2021-08-24,18,0,65,0,B17,R,,,,,,,,,,,,,
Airport,T3,2021-08-24,19,0,65,4,B17,R,,,,,,,,,,,,,
Airport,T3,2021-08-24,20,0,63,2,B17,HC,,,,,,,,,,,,,
Airport,T3,2021-08-24,21,0,62,5,B17,"HC, deep cracks",,,,,,,,,,,,,
Airport,T3,2021-08-24,22,0,61,1,B17,HC,,,,,,,,,,,,,
Airport,T3,2021-08-24,23,0,60,3,B17,HC,,,,,,,,,,,,,
Airport,T3,2021-08-24,24,0,61,4,B17,HC,,,,,,,,,,,,,
Airport,T3,2021-08-24,25,0,60,4,B17,HC,,,,,,,,,,,,,
Airport,T3,2021-08-24,26,0,54,1,B17,HC,,,,,,,,,,,,,
Airport,T3,2021-08-24,27,0,58,1,B17,R,,,,,,,,,,,,,
Airport,T3,2021-08-24,28,0,55,1,B17,"HC, incipient T",,,,,,,,,,,,,
Airport,T3,2021-08-24,29,0,60,2,B17,"HC, deep cracks",,,,,,,,,,,,,
Airport,T3,2021-08-24,30,0,59,1,B17,HC,,,,,,,,,,,,,
Airport,T3,2021-08-24,31,0,49,1,Bare,HC,,,,,,,,,,,,,
Airport,T3,2021-08-24,32,0,63,0,Bare,HC,,,,,,,,,,,,,
Airport,T3,2021-08-24,33,0,71,0,Bare,HC,,,,,,,,,,,,,
Airport,T3,2021-08-24,34,0,40,35,Willows,T,,,,,,,,,,,,,
Airport,T3,2021-08-24,35,0,63,1,Bare,HC,,,,,,,,,,,,,
Airport,T3,2021-08-24,36,0,54,2,FESBRA,HC,,,,,,,,,,,,,
Airport,T3,2021-08-24,37,0,60,1,Lichens THASUB,"HC, deep cracks",,,,,,,,,,,,,
Airport,T3,2021-08-24,38,0,54,0,Bare,"HC, deep cracks",,,,,,,,,,,,,
Airport,T3,2021-08-24,39,0,60,0,Bare,"HC, deep cracks",,,,,,,,,,,,,
Airport,T3,2021-08-24,40,0,59,0,Bare,"HC, collapsing into T",,,,,,,,,,,,,
Airport,T3,2021-08-24,41,0,58,2,B17,"HC, deep cracks",,,,,,,,,,,,,
Airport,T3,2021-08-24,42,0,55,1,B17,HC,,,,,,,,,,,,,
Airport,T3,2021-08-24,43,0,54,2,B17,HC,,,,,,,,,,,,,
Airport,T3,2021-08-24,44,0,58,1,B17,HC,,,,,,,,,,,,,
Airport,T3,2021-08-24,45,0,68,1,B17,HC,,,,,,,,,,,,,
Airport,T3,2021-08-24,46,0,58,0,B17,"HC, collapsed tundra, mostly SAXOPP",,,,,,,,,,,,,
Airport,T3,2021-08-24,47,0,85,0,Bare,R,,,,,,,,,,,,,
Airport,T3,2021-08-24,48,0,55,30,E1d,"T, edge",,,,,,,,,,,,,
Airport,T3,2021-08-24,49,0,61,25,E1d,T,,,,,,,,,,,,,
Airport,T3,2021-08-24,50,0,70,25,M2d,"T, collapsed R",,,,,,,,,,,,,
Airport,T3,2021-08-24,51,0,70,15,B17,R,,,,,,,,,,,,,
Airport,T3,2021-08-24,52,0,57,3,B17,R,,,,,,,,,,,,,
Airport,T3,2021-08-24,53,0,57,8,M2d,HC,,,,,,,,,,,,,
Airport,T3,2021-08-24,54,0,59,0,M2d,HC,,,,,,,,,,,,,
Airport,T3,2021-08-24,55,0,60,10,M2d,HC,,,,,,,,,,,,,
Airport,T3,2021-08-24,56,0,62,10,M2d,HC,,,,,,,,,,,,,
Airport,T3,2021-08-24,57,0,62,12,M2d,HC,,,,,,,,,,,,,
Airport,T3,2021-08-24,58,0,62,5,M2d,HC,,,,,,,,,,,,,
Airport,T3,2021-08-24,59,0,61,4,M2d,HC,,,,,,,,,,,,,
Airport,T3,2021-08-24,60,0,66,0,M2d,R,,,,,,,,,,,,,
Airport,T3,2021-08-24,61,0,61,4,B17,R,,,,,,,,,,,,,
Airport,T3,2021-08-24,62,0,59,7,B17,R,,,,,,,,,,,,,
Airport,T3,2021-08-24,63,0,59,8,B17,R,,,,,,,,,,,,,
Airport,T3,2021-08-24,64,0,57,2,B17,R,,,,,,,,,,,,,
Airport,T3,2021-08-24,65,0,52,2,Bare,R,,,,,,,,,,,,,
Airport,T3,2021-08-24,66,0,48,0,B17,R,,,,,,,,,,,,,
Airport,T3,2021-08-24,67,0,63,1,B17,R,,,,,,,,,,,,,
Airport,T3,2021-08-24,68,0,68,4,B17,"T, collapsed R",,,,,,,,,,,,,
Airport,T3,2021-08-24,69,0,54,25,E1d,T,,,,,,,,,,,,,
Airport,T3,2021-08-24,70,5,53,30,E1d,T,,,,,,,,,,,,,
Airport,T3,2021-08-24,71,0,53,24,M2d,"T, collapsed R",,,,,,,,,,,,,
Airport,T3,2021-08-24,72,0,86,8,B17,R,,,,,,,,,,,,,
Airport,T3,2021-08-24,73,0,57,0,Bare,R,,,,,,,,,,,,,
Airport,T3,2021-08-24,74,0,59,3,B17,HC,,,,,,,,,,,,,
Airport,T3,2021-08-24,75,0,63,4,B17,HC,,,,,,,,,,,,,
Airport,T3,2021-08-24,76,0,60,3,B17,HC,,,,,,,,,,,,,
Airport,T3,2021-08-24,77,0,60,7,B17,HC,,,,,,,,,,,,,
Airport,T3,2021-08-24,78,0,60,2,B17,HC,,,,,,,,,,,,,
Airport,T3,2021-08-24,79,0,59,7,B17,HC,,,,,,,,,,,,,
Airport,T3,2021-08-24,80,0,60,4,B17,HC,,,,,,,,,,,,,
Airport,T3,2021-08-24,81,0,60,4,B17,HC,,,,,,,,,,,,,
Airport,T3,2021-08-24,82,0,60,5,B17,HC,,,,,,,,,,,,,
Airport,T3,2021-08-24,83,0,75,6,B17,R,,,,,,,,,,,,,
Airport,T3,2021-08-24,84,0,63,7,B17,"T, collapsed R",,,,,,,,,,,,,
Airport,T3,2021-08-24,85,0,63,12,U17,T,,,,,,,,,,,,,
Airport,T3,2021-08-24,86,0,64,14,M10d,T,,,,,,,,,,,,,
Airport,T3,2021-08-24,87,0,73,0,Bare,HC,,,,,,,,,,,,,
Airport,T3,2021-08-24,88,0,59,3,B17,HC,,,,,,,,,,,,,
Airport,T3,2021-08-24,89,0,56,2,B17,HC,,,,,,,,,,,,,
Airport,T3,2021-08-24,90,0,61,6,U17,HCr,,,,,,,,,,,,,
Airport,T3,2021-08-24,91,0,60,2,B17,HCr,,,,,,,,,,,,,
Airport,T3,2021-08-24,92,0,61,4,B17,HCr,,,,,,,,,,,,,
Airport,T3,2021-08-24,93,0,66,1,B17,HCr,,,,,,,,,,,,,
Airport,T3,2021-08-24,94,0,68,5,B17,HCr,,,,,,,,,,,,,
Airport,T3,2021-08-24,95,0,72,2,B17,R,,,,,,,,,,,,,
Airport,T3,2021-08-24,96,0,63,10,U17,R,,,,,,,,,,,,,
Airport,T3,2021-08-24,97,0,60,8,U17,R,,,,,,,,,,,,,
Airport,T3,2021-08-24,98,0,63,7,U17,R,,,,,,,,,,,,,
Airport,T3,2021-08-24,99,0,64,2,U17,"R, cracks",,,,,,,,,,,,,
Airport,T3,2021-08-24,100,0,70,10,U17,HCr,,,,,,,,,,,,,
Airport,T4,2021-08-27,0,9,100,37,E1d,RB,,,,,,,,,,,,,
Airport,T4,2021-08-27,1,7,100,25,E1d,RB,,,,,,,,,,,,,
Airport,T4,2021-08-27,2,0,73,18,U4d,R,,,,,,,,,,,,,
Airport,T4,2021-08-27,3,4,67,36,U4d,R,,,,,,,,,,,,,
Airport,T4,2021-08-27,4,10,64,39,M2d,FC,,,,,,,,,,,,,
Airport,T4,2021-08-27,5,16,62,35,M2d,FC,,,,,,,,,,,,,
Airport,T4,2021-08-27,6,17,68,50,M2d,FC,,,,,,,,,,,,,
Airport,T4,2021-08-27,7,22,60,49,E1,T,,,,,,,,,,,,,
Airport,T4,2021-08-27,8,23,62,53,E1,T,,,,,,,,,,,,,
Airport,T4,2021-08-27,9,28,58,50,M2d,FC,,,,,,,,,,,,,
Airport,T4,2021-08-27,10,13,61,45,M2d,FC,,,,,,,,,,,,,
Airport,T4,2021-08-27,11,14,63,34,M2d,FC,,,,,,,,,,,,,
Airport,T4,2021-08-27,12,12,66,45,M2d,FC,,,,,,,,,,,,,
Airport,T4,2021-08-27,13,20,72,52,M2d,FC,,,,,,,,,,,,,
Airport,T4,2021-08-27,14,35,>100,30,M2d,FC,,,,,,,,,,,,,
Airport,T4,2021-08-27,15,17,108,54,E1,T,,,,,,,,,,,,,
Airport,T4,2021-08-27,16,12,>100,44,M2d,FC,,,,,,,,,,,,,
Airport,T4,2021-08-27,17,13,83,49,M2d,FC,,,,,,,,,,,,,
Airport,T4,2021-08-27,18,17,>100,54,M2d,FC,,,,,,,,,,,,,
Airport,T4,2021-08-27,19,19,100,40,M2d,FC,,,,,,,,,,,,,
Airport,T4,2021-08-27,20,38,>100,43,E1,T,,,,,,,,,,,,,
Airport,T4,2021-08-27,21,60,>100,0,E1,T,,,,,,,,,,,,,
Airport,T4,2021-08-27,22,30,>100,58,E1,T,,,,,,,,,,,,,
Airport,T4,2021-08-27,23,27,>100,64,E1,T,,,,,,,,,,,,,
Airport,T4,2021-08-27,24,25,>100,52,M2d,FC,,,,,,,,,,,,,
Airport,T4,2021-08-27,25,30,>100,54,M2d,FC,,,,,,,,,,,,,
Airport,T4,2021-08-27,26,38,>100,53,E1,T,,,,,,,,,,,,,
Airport,T4,2021-08-27,27,30,>100,50,E1,T,,,,,,,,,,,,,
Airport,T4,2021-08-27,28,55,>100,70,E1,T,,,,,,,,,,,,,
Airport,T4,2021-08-27,29,56,>100,75,E1,T,,,,,,,,,,,,,
Airport,T4,2021-08-27,30,49,>100,66,E1,T,,,,,,,,,,,,,
Airport,T4,2021-08-27,31,35,>100,59,E1,T,,,,,,,,,,,,,
Airport,T4,2021-08-27,32,28,>100,66,E1,T,,,,,,,,,,,,,
Airport,T4,2021-08-27,33,32,65,55,E1,T,,,,,,,,,,,,,
Airport,T4,2021-08-27,34,35,83,64,E1,T,,,,,,,,,,,,,
Airport,T4,2021-08-27,35,57,66,78,E1,T,,,,,,,,,,,,,
Airport,T4,2021-08-27,36,68,72,0,W,T,,,,,,,,,,,,,
Airport,T4,2021-08-27,37,79,66,0,W,T,,,,,,,,,,,,,
Airport,T4,2021-08-27,38,86,56,0,W,T,,,,,,,,,,,,,
Airport,T4,2021-08-27,39,50,80,70,E1,FC,,,,,,,,,,,,,
Airport,T4,2021-08-27,40,39,52,66,E1,FC,,,,,,,,,,,,,
Airport,T4,2021-08-27,41,26,59,55,E1,FC,,,,,,,,,,,,,
Airport,T4,2021-08-27,42,34,53,68,E1,FC,,,,,,,,,,,,,
Airport,T4,2021-08-27,43,23,59,46,E1,FC,,,,,,,,,,,,,
Airport,T4,2021-08-27,44,29,64,69,E1,FC,,,,,,,,,,,,,
Airport,T4,2021-08-27,45,36,52,59,E1,FC,,,,,,,,,,,,,
Airport,T4,2021-08-27,46,37,60,52,E1,FC,,,,,,,,,,,,,
Airport,T4,2021-08-27,47,32,55,58,E1,FC,,,,,,,,,,,,,
Airport,T4,2021-08-27,48,70,48,0,E1,FC,,,,,,,,,,,,,
Airport,T4,2021-08-27,49,48,65,69,W,T,,,,,,,,,,,,,
Airport,T4,2021-08-27,50,31,65,55,E1,T,,,,,,,,,,,,,
Airport,T4,2021-08-27,51,24,60,45,E1,FC,,,,,,,,,,,,,
Airport,T4,2021-08-27,52,14,64,48,M2d,FC,,,,,,,,,,,,,
Airport,T4,2021-08-27,53,10,58,52,M2d,FC,,,,,,,,,,,,,
Airport,T4,2021-08-27,54,14,57,44,M2d,FC,,,,,,,,,,,,,
Airport,T4,2021-08-27,55,13,53,47,M2d,FC,,,,,,,,,,,,,
Airport,T4,2021-08-27,56,13,54,41,M2d,FC,,,,,,,,,,,,,
Airport,T4,2021-08-27,57,8,56,47,M2d,FC,,,,,,,,,,,,,
Airport,T4,2021-08-27,58,13,54,40,M2d,FC,,,,,,,,,,,,,
Airport,T4,2021-08-27,59,12,55,40,M2d,FC,,,,,,,,,,,,,
Airport,T4,2021-08-27,60,8,57,40,M2d,FC,,,,,,,,,,,,,
Airport,T4,2021-08-27,61,10,52,94,M2d,FC,,,,,,,,,,,,,
Airport,T4,2021-08-27,62,6,54,35,M2d,FC,,,,,,,,,,,,,
Airport,T4,2021-08-27,63,2,52,46,M2d,FC,,,,,,,,,,,,,
Airport,T4,2021-08-27,64,6,56,37,M2d,R,,,,,,,,,,,,,
Airport,T4,2021-08-27,65,10,46,40,M2d,R,,,,,,,,,,,,,
Airport,T4,2021-08-27,66,9,53,42,E1,T,,,,,,,,,,,,,
Airport,T4,2021-08-27,67,5,53,38,U4d,R,,,,,,,,,,,,,
Airport,T4,2021-08-27,68,4,56,37,M2d,FC,,,,,,,,,,,,,
Airport,T4,2021-08-27,69,7,51,49,M2d,FC,,,,,,,,,,,,,
Airport,T4,2021-08-27,70,10,50,29,M2d,R,,,,,,,,,,,,,
Airport,T4,2021-08-27,71,14,41,44,M2d,FC,,,,,,,,,,,,,
Airport,T4,2021-08-27,72,21,35,47,E1,FC,,,,,,,,,,,,,
Airport,T4,2021-08-27,73,16,38,50,E1,FC,,,,,,,,,,,,,
Airport,T4,2021-08-27,74,21,43,49,E1,FC,,,,,,,,,,,,,
Airport,T4,2021-08-27,75,4,55,50,U4d,R,,,,,,,,,,,,,
Airport,T4,2021-08-27,76,5,52,35,M2d,FC,,,,,,,,,,,,,
Airport,T4,2021-08-27,77,7,50,51,M2d,FC,,,,,,,,,,,,,
Airport,T4,2021-08-27,78,8,52,47,M2d,FC,,,,,,,,,,,,,
Airport,T4,2021-08-27,79,10,54,53,M2d,FC,,,,,,,,,,,,,
Airport,T4,2021-08-27,80,17,58,45,M2d,FC,,,,,,,,,,,,,
Airport,T4,2021-08-27,81,12,70,0,gravel,FC,,,,,,,,,,,,,
Airport,T4,2021-08-27,82,10,74,0,gravel,FC,,,,,,,,,,,,,
Airport,T4,2021-08-27,83,10,80,0,gravel,FC,,,,,,,,,,,,,
Airport,T4,2021-08-27,84,11,77,0,gravel,FC,,,,,,,,,,,,,
Airport,T4,2021-08-27,85,8,77,0,gravel,FC,,,,,,,,,,,,,
Airport,T4,2021-08-27,86,13,63,0,gravel,FC,,,,,,,,,,,,,
Airport,T4,2021-08-27,87,12,55,54,M2d,FC,,,,,,,,,,,,,
Airport,T4,2021-08-27,88,12,52,39,M2d,FC,,,,,,,,,,,,,
Airport,T4,2021-08-27,89,15,47,52,M2d,FC,,,,,,,,,,,,,
Airport,T4,2021-08-27,90,15,49,57,M2d,FC,,,,,,,,,,,,,
Airport,T4,2021-08-27,91,4,56,43,M2d,FC,,,,,,,,,,,,,
Airport,T4,2021-08-27,92,9,48,37,U4d,R,,,,,,,,,,,,,
Airport,T4,2021-08-27,93,14,45,49,E1,T,,,,,,,,,,,,,
Airport,T4,2021-08-27,94,13,46,44,E1,T,,,,,,,,,,,,,
Airport,T4,2021-08-27,95,9,50,48,M2d,FC,,,,,,,,,,,,,
Airport,T4,2021-08-27,96,10,45,39,M2d,FC,,,,,,,,,,,,,
Airport,T4,2021-08-27,97,4,48,45,M2d,FC,,,,,,,,,,,,,
Airport,T4,2021-08-27,98,9,47,48,M2d,FC,,,,,,,,,,,,,
Airport,T4,2021-08-27,99,5,51,42,M2d,FC,,,,,,,,,,,,,
Airport,T4,2021-08-27,100,9,48,48,M2d,FC,,,,,,,,,,,,,
Airport,T5,2021-08-24,0,0,n.d.,0,Bare,RB,,,,,,,,,,,,,
Airport,T5,2021-08-24,1,0,n.d.,0,Bare,RB,,,,,,,,,,,,,
Airport,T5,2021-08-24,2,0,75,0,Bare,RB,,,,,,,,,,,,,
Airport,T5,2021-08-24,3,0,n.d.,0,Bare,RB,,,,,,,,,,,,,
Airport,T5,2021-08-24,4,0,n.d.,0,Bare,RB,,,,,,,,,,,,,
Airport,T5,2021-08-24,5,0,n.d.,0,Bare,Trench,,,,,,,,,,,,,
Airport,T5,2021-08-24,6,0,n.d.,0,Bare,Trench,,,,,,,,,,,,,
Airport,T5,2021-08-24,7,0,n.d.,0,Bare,Trench,,,,,,,,,,,,,
Airport,T5,2021-08-24,8,0,n.d.,0,Bare,Trench,,,,,,,,,,,,,
Airport,T5,2021-08-24,9,0,118,0,Bare,Trench,,,,,,,,,,,,,
Airport,T5,2021-08-24,10,0,110,0,Bare,Trench,,,,,,,,,,,,,
Airport,T5,2021-08-24,11,0,100,0,Bare,Trench,,,,,,,,,,,,,
Airport,T5,2021-08-24,12,0,73,0,Bare,Trench,,,,,,,,,,,,,
Airport,T5,2021-08-24,13,0,74,15,Bare/E1d,Trench,,,,,,,,,,,,,
Airport,T5,2021-08-24,14,0,66,15,Bare/E1d,Trench,,,,,,,,,,,,,
Airport,T5,2021-08-24,15,0,73,0,Bare,Trench,,,,,,,,,,,,,
Airport,T5,2021-08-24,16,0,71,0,Bare,Trench,,,,,,,,,,,,,
Airport,T5,2021-08-24,17,0,63,0,Bare,Trench,,,,,,,,,,,,,
Airport,T5,2021-08-24,18,0,63,0,Bare,Trench,,,,,,,,,,,,,
Airport,T5,2021-08-24,19,0,70,16,ERIANG,Trench,,,,,,,,,,,,,
Airport,T5,2021-08-24,20,0,72,16,ERIANG,T,,,,,,,,,,,,,
Airport,T5,2021-08-24,21,14,55,45,E1d,T,,,,,,,,,,,,,
Airport,T5,2021-08-24,22,15,58,45,E1d,T,,,,,,,,,,,,,
Airport,T5,2021-08-24,23,20,48,45,E1d,T,,,,,,,,,,,,,
Airport,T5,2021-08-24,24,26,43,45,E1d,T,,,,,,,,,,,,,
Airport,T5,2021-08-24,25,22,41,45,E1d,T,,,,,,,,,,,,,
Airport,T5,2021-08-24,26,0,65,25,U4d,R,,,,,,,,,,,,,
Airport,T5,2021-08-24,27,0,60,15,U4d,R,,,,,,,,,,,,,
Airport,T5,2021-08-24,28,16,41,28,E1d,T,,,,,,,,,,,,,
Airport,T5,2021-08-24,29,0,60,18,U4d,R,,,,,,,,,,,,,
Airport,T5,2021-08-24,30,0,61,15,U4d,R,,,,,,,,,,,,,
Airport,T5,2021-08-24,31,0,61,14,U4d,R,,,,,,,,,,,,,
Airport,T5,2021-08-24,32,0,66,15,U4d,R,,,,,,,,,,,,,
Airport,T5,2021-08-24,33,0,55,12,U4d,R,,,,,,,,,,,,,
Airport,T5,2021-08-24,34,0,50,12,U4d,R,,,,,,,,,,,,,
Airport,T5,2021-08-24,35,0,48,15,M2d,LC,,,,,,,,,,,,,
Airport,T5,2021-08-24,36,0,52,15,U4d,R,,,,,,,,,,,,,
Airport,T5,2021-08-24,37,0,54,16,U4d,R,,,,,,,,,,,,,
Airport,T5,2021-08-24,38,0,53,25,U4d,R,,,,,,,,,,,,,
Airport,T5,2021-08-24,39,7,54,33,E1d,T,,,,,,,,,,,,,
Airport,T5,2021-08-24,40,0,54,20,M2d,T,,,,,,,,,,,,,
Airport,T5,2021-08-24,41,0,62,12,U4d,R,,,,,,,,,,,,,
Airport,T5,2021-08-24,42,0,57,10,U4d,R,,,,,,,,,,,,,
Airport,T5,2021-08-24,43,0,61,5,U4d,R,,,,,,,,,,,,,
Airport,T5,2021-08-24,44,0,63,5,B3d,FB,,,,,,,,,,,,,
Airport,T5,2021-08-24,45,0,64,12,M2d,FB,,,,,,,,,,,,,
Airport,T5,2021-08-24,46,0,64,20,M2d,LC,,,,,,,,,,,,,
Airport,T5,2021-08-24,47,0,58,19,M2d,LC,,,,,,,,,,,,,
Airport,T5,2021-08-24,48,0,56,17,M2d,LC,,,,,,,,,,,,,
Airport,T5,2021-08-24,49,0,53,19,U4d,R,,,,,,,,,,,,,
Airport,T5,2021-08-24,50,0,50,17,M2d,R,,,,,,,,,,,,,
Airport,T5,2021-08-24,51,0,51,18,M2d,T,,,,,,,,,,,,,
Airport,T5,2021-08-24,52,0,46,20,M2d,T,,,,,,,,,,,,,
Airport,T5,2021-08-24,53,0,51,15,M2d,LC,,,,,,,,,,,,,
Airport,T5,2021-08-24,54,0,52,15,M2d,LC,,,,,,,,,,,,,
Airport,T5,2021-08-24,55,0,48,16,M2d,LC,,,,,,,,,,,,,
Airport,T5,2021-08-24,56,0,49,20,M2d,LC,,,,,,,,,,,,,
Airport,T5,2021-08-24,57,0,51,18,M2d,LC,,,,,,,,,,,,,
Airport,T5,2021-08-24,58,0,48,12,M2d,LC,,,,,,,,,,,,,
Airport,T5,2021-08-24,59,0,50,17,U4d,R,,,,,,,,,,,,,
Airport,T5,2021-08-24,60,0,50,12,U4d,R,,,,,,,,,,,,,
Airport,T5,2021-08-24,61,0,52,14,U4d,R,,,,,,,,,,,,,
Airport,T5,2021-08-24,62,0,56,20,U4d,FC,,,,,,,,,,,,,
Airport,T5,2021-08-24,63,0,60,15,B3d,FB,,,,,,,,,,,,,
Airport,T5,2021-08-24,64,0,62,10,B3d,FB,,,,,,,,,,,,,
Airport,T5,2021-08-24,65,31,60,11,U4d,FC,,,,,,,,,,,,,
Airport,T5,2021-08-24,66,42,61,12,U4d,FC,,,,,,,,,,,,,
Airport,T5,2021-08-24,67,35,54,12,U4d,FC,,,,,,,,,,,,,
Airport,T5,2021-08-24,68,0,51,12,U4d,FC,,,,,,,,,,,,,
Airport,T5,2021-08-24,69,0,62,12,U4d,R,,,,,,,,,,,,,
Airport,T5,2021-08-24,70,0,45,60,E1d,T,,,,,,,,,,,,,
Airport,T5,2021-08-24,71,0,46,65,E1d,T,,,,,,,,,,,,,
Airport,T5,2021-08-24,72,0,55,60,E1d,T,,,,,,,,,,,,,
Airport,T5,2021-08-24,73,0,58,50,U4d,FC,,,,,,,,,,,,,
Airport,T5,2021-08-24,74,0,55,14,U4d,FC,,,,,,,,,,,,,
Airport,T5,2021-08-24,75,0,55,10,U4d,FC,,,,,,,,,,,,,
Airport,T5,2021-08-24,76,0,55,15,U4d,FC,,,,,,,,,,,,,
Airport,T5,2021-08-24,77,0,55,15,U4d,FC,,,,,,,,,,,,,
Airport,T5,2021-08-24,78,0,54,15,U4d,FC,,,,,,,,,,,,,
Airport,T5,2021-08-24,79,0,55,15,M2d,FC,,,,,,,,,,,,,
Airport,T5,2021-08-24,80,0,55,15,M2d,FC,,,,,,,,,,,,,
Airport,T5,2021-08-24,81,0,56,10,U4d,FC,,,,,,,,,,,,,
Airport,T5,2021-08-24,82,0,56,15,U4d,FC,,,,,,,,,,,,,
Airport,T5,2021-08-24,83,15,56,15,U4d,FC,,,,,,,,,,,,,
Airport,T5,2021-08-24,84,22,48,50,E1d,T,,,,,,,,,,,,,
Airport,T5,2021-08-24,85,0,44,56,E1d,T,,,,,,,,,,,,,
Airport,T5,2021-08-24,86,0,61,20,U4d,FC,,,,,,,,,,,,,
Airport,T5,2021-08-24,87,0,50,12,U4d,FC,,,,,,,,,,,,,
Airport,T5,2021-08-24,88,0,50,12,U4d,FC,,,,,,,,,,,,,
Airport,T5,2021-08-24,89,0,52,13,U4d,FC,,,,,,,,,,,,,
Airport,T5,2021-08-24,90,0,49,10,U4d,FC,,,,,,,,,,,,,
Airport,T5,2021-08-24,91,0,48,13,U4d,FC,,,,,,,,,,,,,
Airport,T5,2021-08-24,92,0,52,15,U4d,FC,,,,,,,,,,,,,
Airport,T5,2021-08-24,93,12,40,26,"E1d, SCOSCO",T,,,,,,,,,,,,,
Airport,T5,2021-08-24,94,0,54,20,U4d,FC,,,,,,,,,,,,,
Airport,T5,2021-08-24,95,0,47,13,U4d,FC,,,,,,,,,,,,,
Airport,T5,2021-08-24,96,0,52,15,U4d,FC,,,,,,,,,,,,,
Airport,T5,2021-08-24,97,0,54,16,U4d,FC,,,,,,,,,,,,,
Airport,T5,2021-08-24,98,0,51,15,M2d,FC,,,,,,,,,,,,,
Airport,T5,2021-08-24,99,0,55,10,U4d,FC,,,,,,,,,,,,,
Airport,T5,2021-08-24,100,0,57,10,U4d,FC,,,,,,,,,,,,,
NIRPO,T6,2021-08-23,0,5,NA,NA,EI,T,,,,,,,,,,,,,
NIRPO,T6,2021-08-23,1,7,48,30,E1,T,,,,,,,,,,,,,
NIRPO,T6,2021-08-23,2,7,45,30,E1,T,,,,,,,,,,,,,
NIRPO,T6,2021-08-23,3,0,51,16,U3,R,,,,,,,,,,,,,
NIRPO,T6,2021-08-23,4,0,42,10,U3,R,,,,,,,,,,,,,
NIRPO,T6,2021-08-23,5,0,41,18,U4,R,,,,,,,,,,,,,
NIRPO,T6,2021-08-23,6,0,43,12,U3,R,,,,,,,,,,,,,
NIRPO,T6,2021-08-23,7,0,40,15,U4,R,,,,,,,,,,,,,
NIRPO,T6,2021-08-23,8,0,43,7,U3,FC,,,,,,,,,,,,,
NIRPO,T6,2021-08-23,9,0,35,8,U4,FC,,,,,,,,,,,,,
NIRPO,T6,2021-08-23,10,0,33,11,U4,FC,,,,,,,,,,,,,
NIRPO,T6,2021-08-23,11,0,30,11,U2,FC,,,,,,,,,,,,,
NIRPO,T6,2021-08-23,12,0,35,15,U4,FC,,,,,,,,,,,,,
NIRPO,T6,2021-08-23,13,0,40,11,U4,FC,,,,,,,,,,,,,
NIRPO,T6,2021-08-23,14,0,45,11,U4,FC,,,,,,,,,,,,,
NIRPO,T6,2021-08-23,15,0,46,13,U3,FC,,,,,,,,,,,,,
NIRPO,T6,2021-08-23,16,0,37,15,U4,R,,,,,,,,,,,,,
NIRPO,T6,2021-08-23,17,0,48,14,U4,R,,,,,,,,,,,,,
NIRPO,T6,2021-08-23,18,0,60,20,U4,R,,,,,,,,,,,,,
NIRPO,T6,2021-08-23,19,21,57,35,E1,T,,,,,,,,,,,,,
NIRPO,T6,2021-08-23,20,31,49,15,E1,T,,,,,,,,,,,,,
NIRPO,T6,2021-08-23,21,0,37,23,E1,T,,,,,,,,,,,,,
NIRPO,T6,2021-08-23,22,0,45,21,U4,FC,,,,,,,,,,,,,
NIRPO,T6,2021-08-23,23,0,53,21,U4,FC,,,,,,,,,,,,,
NIRPO,T6,2021-08-23,24,0,45,20,U4,FC,,,,,,,,,,,,,
NIRPO,T6,2021-08-23,25,0,48,21,U4,FC,,,,,,,,,,,,,
NIRPO,T6,2021-08-23,26,0,47,22,U4,FC,,,,,,,,,,,,,
NIRPO,T6,2021-08-23,27,0,50,9,U4,FC,,,,,,,,,,,,,
NIRPO,T6,2021-08-23,28,0,50,17,U4,FC,,,,,,,,,,,,,
NIRPO,T6,2021-08-23,29,0,45,18,U2,FC,,,,,,,,,,,,,
NIRPO,T6,2021-08-23,30,0,39,22,U2,FC,,,,,,,,,,,,,
NIRPO,T6,2021-08-23,31,0,40,15,U4,R,,,,,,,,,,,,,
NIRPO,T6,2021-08-23,32,0,40,21,U4,R,,,,,,,,,,,,,
NIRPO,T6,2021-08-23,33,0,44,10,U3,R,,,,,,,,,,,,,
NIRPO,T6,2021-08-23,34,0,60,30,U4,R,,,,,,,,,,,,,
NIRPO,T6,2021-08-23,35,24,55,15,E1,P,,,,,,,,,,,,,
NIRPO,T6,2021-08-23,36,52,48,14,W,P,,,,,,,,,,,,,
NIRPO,T6,2021-08-23,37,48,50,14,W,P,,,,,,,,,,,,,
NIRPO,T6,2021-08-23,38,38,50,10,W,P,,,,,,,,,,,,,
NIRPO,T6,2021-08-23,39,0,65,17,E1,P,,,,,,,,,,,,,
NIRPO,T6,2021-08-23,40,0,62,13,U3,R,,,,,,,,,,,,,
NIRPO,T6,2021-08-23,41,0,43,7,U3,R,,,,,,,,,,,,,
NIRPO,T6,2021-08-23,42,0,40,15,U3,R,,,,,,,,,,,,,
NIRPO,T6,2021-08-23,43,0,44,18,U3,R,,,,,,,,,,,,,
NIRPO,T6,2021-08-23,44,0,45,10,U3,R,,,,,,,,,,,,,
NIRPO,T6,2021-08-23,45,0,50,18,U3,R,,,,,,,,,,,,,
NIRPO,T6,2021-08-23,46,0,50,13,U3,R,,,,,,,,,,,,,
NIRPO,T6,2021-08-23,47,0,43,14,U3,R,,,,,,,,,,,,,
NIRPO,T6,2021-08-23,48,0,42,20,U3,R,,,,,,,,,,,,,
NIRPO,T6,2021-08-23,49,0,47,16,U3,R,,,,,,,,,,,,,
NIRPO,T6,2021-08-23,50,0,44,17,U3,R,,,,,,,,,,,,,
NIRPO,T6,2021-08-23,51,0,45,18,U3,R,,,,,,,,,,,,,
NIRPO,T6,2021-08-23,52,0,44,22,U2,R,,,,,,,,,,,,,
NIRPO,T6,2021-08-23,53,12,63,30,E1,P,,,,,,,,,,,,,
NIRPO,T6,2021-08-23,54,27,61,0,W,P,,,,,,,,,,,,,
NIRPO,T6,2021-08-23,55,33,56,19,CALGIG,P,,,,,,,,,,,,,
NIRPO,T6,2021-08-23,56,32,61,16,CALGIG,P,,,,,,,,,,,,,
NIRPO,T6,2021-08-23,57,36,54,2,SCOSCO,P,,,,,,,,,,,,,
NIRPO,T6,2021-08-23,58,37,57,18,"CALGIG,HIPVUL",P,,,,,,,,,,,,,
NIRPO,T6,2021-08-23,59,36,62,11,CALGIG,P,,,,,,,,,,,,,
NIRPO,T6,2021-08-23,60,43,55,0,W,P,,,,,,,,,,,,,
NIRPO,T6,2021-08-23,61,42,56,0,W,P,,,,,,,,,,,,,
NIRPO,T6,2021-08-23,62,42,52,0,W,P,,,,,,,,,,,,,
NIRPO,T6,2021-08-23,63,36,52,10,HIPFUL,P,,,,,,,,,,,,,
NIRPO,T6,2021-08-23,64,29,53,40,E1,P,,,,,,,,,,,,,
NIRPO,T6,2021-08-23,65,22,49,0,W,P,,,,,,,,,,,,,
NIRPO,T6,2021-08-23,66,13,48,13,E1,P,,,,,,,,,,,,,
NIRPO,T6,2021-08-23,67,0,39,12,U4,R,,,,,,,,,,,,,
NIRPO,T6,2021-08-23,68,0,35,15,U3,R,,,,,,,,,,,,,
NIRPO,T6,2021-08-23,69,0,46,20,U3,R,,,,,,,,,,,,,
NIRPO,T6,2021-08-23,70,0,54,11,U3,R,,,,,,,,,,,,,
NIRPO,T6,2021-08-23,71,0,50,18,U4,R,,,,,,,,,,,,,
NIRPO,T6,2021-08-23,72,0,45,23,U4,R,,,,,,,,,,,,,
NIRPO,T6,2021-08-23,73,0,43,3,U2,R,,,,,,,,,,,,,
NIRPO,T6,2021-08-23,74,0,48,17,U3,R,,,,,,,,,,,,,
NIRPO,T6,2021-08-23,75,0,35,21,U4,T,,,,,,,,,,,,,
NIRPO,T6,2021-08-23,76,0,52,20,U3,R,,,,,,,,,,,,,
NIRPO,T6,2021-08-23,77,0,40,3,U3,R,,,,,,,,,,,,,
NIRPO,T6,2021-08-23,78,0,52,17,U2,R,,,,,,,,,,,,,
NIRPO,T6,2021-08-23,79,0,44,12,U2,LC,,,,,,,,,,,,,
NIRPO,T6,2021-08-23,80,0,38,13,U2,LC,,,,,,,,,,,,,
NIRPO,T6,2021-08-23,81,0,40,22,U4,R,,,,,,,,,,,,,
NIRPO,T6,2021-08-23,82,0,40,21,U2,R,,,,,,,,,,,,,
NIRPO,T6,2021-08-23,83,0,49,20,U3,R,,,,,,,,,,,,,
NIRPO,T6,2021-08-23,84,0,47,24,U3,R,,,,,,,,,,,,,
NIRPO,T6,2021-08-23,85,0,43,18,U4,R,,,,,,,,,,,,,
NIRPO,T6,2021-08-23,86,0,49,20,U4,R,,,,,,,,,,,,,
NIRPO,T6,2021-08-23,87,0,44,3,U3,B,,,,,,,,,,,,,
NIRPO,T6,2021-08-23,88,0,52,17,U3,R,,,,,,,,,,,,,
NIRPO,T6,2021-08-23,89,0,47,16,U2,R,,,,,,,,,,,,,
NIRPO,T6,2021-08-23,90,0,41,20,U3,R,,,,,,,,,,,,,
NIRPO,T6,2021-08-23,91,0,43,22,U4,R,,,,,,,,,,,,,
NIRPO,T6,2021-08-23,92,0,33,22,U4,T,,,,,,,,,,,,,
NIRPO,T6,2021-08-23,93,0,33,15,U4,T,,,,,,,,,,,,,
NIRPO,T6,2021-08-23,94,0,46,21,U4,T,,,,,,,,,,,,,
NIRPO,T6,2021-08-23,95,0,49,16,U3,FC,,,,,,,,,,,,,
NIRPO,T6,2021-08-23,96,0,44,16,U3,FC,,,,,,,,,,,,,
NIRPO,T6,2021-08-23,97,0,44,14,U3,FC,,,,,,,,,,,,,
NIRPO,T6,2021-08-23,98,0,44,22,U4,FC,,,,,,,,,,,,,
NIRPO,T6,2021-08-23,99,0,45,19,U3,FC,,,,,,,,,,,,,
NIRPO,T6,2021-08-23,100,0,24,NA,U4,T,,,,,,,,,,,,,
NIRPO,T6,2021-08-23,101,0,34,26,U2,T,,,,,,,,,,,,,
NIRPO,T6,2021-08-23,102,0,37,24,U4,FC,,,,,,,,,,,,,
NIRPO,T6,2021-08-23,103,0,41,22,U4,FC,,,,,,,,,,,,,
NIRPO,T6,2021-08-23,104,0,28,18,M2,T,,,,,,,,,,,,,
NIRPO,T6,2021-08-23,105,0,32,3,M2,T,,,,,,,,,,,,,
NIRPO,T6,2021-08-23,106,0,39,26,M2,T,,,,,,,,,,,,,
NIRPO,T6,2021-08-23,107,0,55,30,U3,R,,,,,,,,,,,,,
NIRPO,T6,2021-08-23,108,0,59,40,U3,R,,,,,,,,,,,,,
NIRPO,T6,2021-08-23,109,21,41,15,E1,P,,,,,,,,,,,,,
NIRPO,T6,2021-08-23,110,33,51,5,W,P,,,,,,,,,,,,,
NIRPO,T6,2021-08-23,111,44,49,5,W,P,,,,,,,,,,,,,
NIRPO,T6,2021-08-23,112,45,46,5,W,P,,,,,,,,,,,,,
NIRPO,T6,2021-08-23,113,21,49,15,W,P,,,,,,,,,,,,,
NIRPO,T6,2021-08-23,114,0,44,25,U4,FC,,,,,,,,,,,,,
NIRPO,T6,2021-08-23,115,0,47,21,U3,HC,,,,,,,,,,,,,
NIRPO,T6,2021-08-23,116,0,46,21,U3,HC,,,,,,,,,,,,,
NIRPO,T6,2021-08-23,117,0,48,23,U3,HC,,,,,,,,,,,,,
NIRPO,T6,2021-08-23,118,0,53,18,U4,HC,,,,,,,,,,,,,
NIRPO,T6,2021-08-23,119,0,55,14,U4,R,,,,,,,,,,,,,
NIRPO,T6,2021-08-23,120,0,50,22,E1,P,,,,,,,,,,,,,
NIRPO,T6,2021-08-23,121,0,47,25,M2,T,,,,,,,,,,,,,
NIRPO,T6,2021-08-23,122,0,49,26,U3,R,,,,,,,,,,,,,
NIRPO,T6,2021-08-23,123,0,42,22,U4,R,,,,,,,,,,,,,
NIRPO,T6,2021-08-23,124,0,43,16,U4,R,,,,,,,,,,,,,
NIRPO,T6,2021-08-23,125,0,48,18,U4,F,,,,,,,,,,,,,
NIRPO,T6,2021-08-23,126,0,52,12,U3,F,,,,,,,,,,,,,
NIRPO,T6,2021-08-23,127,0,42,7,U4,FC,,,,,,,,,,,,,
NIRPO,T6,2021-08-23,128,0,41,11,U4,FC,,,,,,,,,,,,,
NIRPO,T6,2021-08-23,129,0,42,10,U4,FC,,,,,,,,,,,,,
NIRPO,T6,2021-08-23,130,0,39,15,U4,FC,,,,,,,,,,,,,
NIRPO,T6,2021-08-23,131,0,41,18,U4,FC,,,,,,,,,,,,,
NIRPO,T6,2021-08-23,132,0,43,17,U2,FC,,,,,,,,,,,,,
NIRPO,T6,2021-08-23,133,0,41,18,U4,FC,,,,,,,,,,,,,
NIRPO,T6,2021-08-23,134,0,42,13,U4,FC,,,,,,,,,,,,,
NIRPO,T6,2021-08-23,135,0,46,11,U3,R,,,,,,,,,,,,,
NIRPO,T6,2021-08-23,136,0,35,18,U4,T,,,,,,,,,,,,,
NIRPO,T6,2021-08-23,137,0,34,22,U4,T,,,,,,,,,,,,,
NIRPO,T6,2021-08-23,138,0,42,17,U4,R,,,,,,,,,,,,,
NIRPO,T6,2021-08-23,139,0,40,18,U4,FC,,,,,,,,,,,,,
NIRPO,T6,2021-08-23,140,0,38,16,U4,FC,,,,,,,,,,,,,
NIRPO,T6,2021-08-23,141,0,38,17,U4,FC,,,,,,,,,,,,,
NIRPO,T6,2021-08-23,142,0,40,15,U4,R,,,,,,,,,,,,,
NIRPO,T6,2021-08-23,143,0,38,12,U4,R,,,,,,,,,,,,,
NIRPO,T6,2021-08-23,144,0,28,9,U4,T,,,,,,,,,,,,,
NIRPO,T6,2021-08-23,145,0,45,15,U4,FC,,,,,,,,,,,,,
NIRPO,T6,2021-08-23,146,0,40,13,U4,FC,,,,,,,,,,,,,
NIRPO,T6,2021-08-23,147,0,47,16,U4,FC,,,,,,,,,,,,,
NIRPO,T6,2021-08-23,148,0,45,15,U4,FC,,,,,,,,,,,,,
NIRPO,T6,2021-08-23,149,0,47,21,U4,FC,,,,,,,,,,,,,
NIRPO,T6,2021-08-23,150,0,43,10,U4,R,,,,,,,,,,,,,
NIRPO,T6,2021-08-23,151,0,42,16,U4,T,,,,,,,,,,,,,
NIRPO,T6,2021-08-23,152,0,41,21,U4,R,,,,,,,,,,,,,
NIRPO,T6,2021-08-23,153,0,58,20,U4,R,,,,,,,,,,,,,
NIRPO,T6,2021-08-23,154,0,45,12,U4,FC,,,,,,,,,,,,,
NIRPO,T6,2021-08-23,155,0,47,13,U4,FC,,,,,,,,,,,,,
NIRPO,T6,2021-08-23,156,0,44,15,U4,FC,,,,,,,,,,,,,
NIRPO,T6,2021-08-23,157,0,41,18,U4,FC,,,,,,,,,,,,,
NIRPO,T6,2021-08-23,158,0,40,16,U4,FC,,,,,,,,,,,,,
NIRPO,T6,2021-08-23,159,0,33,13,U4,FC,,,,,,,,,,,,,
NIRPO,T6,2021-08-23,160,0,43,16,U4,FC,,,,,,,,,,,,,
NIRPO,T6,2021-08-23,161,0,55,19,U4,FC,,,,,,,,,,,,,
NIRPO,T6,2021-08-23,162,15,51,20,E1,P,,,,,,,,,,,,,
NIRPO,T6,2021-08-23,163,33,51,0,W,P,,,,,,,,,,,,,
NIRPO,T6,2021-08-23,164,34,48,13,CALGIG,P,,,,,,,,,,,,,
NIRPO,T6,2021-08-23,165,36,42,10,CALGIG,P,,,,,,,,,,,,,
NIRPO,T6,2021-08-23,166,0,50,28,E1,T,,,,,,,,,,,,,
NIRPO,T6,2021-08-23,167,0,51,20,U3,FC,,,,,,,,,,,,,
NIRPO,T6,2021-08-23,168,0,42,21,U4,FC,,,,,,,,,,,,,
NIRPO,T6,2021-08-23,169,0,35,13,U4,FC,,,,,,,,,,,,,
NIRPO,T6,2021-08-23,170,0,38,16,U4,FC,,,,,,,,,,,,,
NIRPO,T6,2021-08-23,171,0,40,22,U4,FC,,,,,,,,,,,,,
NIRPO,T6,2021-08-23,172,0,39,24,U4,FC,,,,,,,,,,,,,
NIRPO,T6,2021-08-23,173,0,38,14,U4,FC,,,,,,,,,,,,,
NIRPO,T6,2021-08-23,174,0,34,14,U4,FC,,,,,,,,,,,,,
NIRPO,T6,2021-08-23,175,0,49,15,U3,R,,,,,,,,,,,,,
NIRPO,T6,2021-08-23,176,0,45,13,U3,R,,,,,,,,,,,,,
NIRPO,T6,2021-08-23,177,0,36,7,U4,T,,,,,,,,,,,,,
NIRPO,T6,2021-08-23,178,0,47,22,U3,R,,,,,,,,,,,,,
NIRPO,T6,2021-08-23,179,0,44,17,U4,R,,,,,,,,,,,,,
NIRPO,T6,2021-08-23,180,0,50,18,U4,R,,,,,,,,,,,,,
NIRPO,T6,2021-08-23,181,0,50,28,U4,R,,,,,,,,,,,,,
NIRPO,T6,2021-08-23,182,0,45,25,M2,T,,,,,,,,,,,,,
NIRPO,T6,2021-08-23,183,0,48,22,U4,R,,,,,,,,,,,,,
NIRPO,T6,2021-08-23,184,0,49,23,U4,R,,,,,,,,,,,,,
NIRPO,T6,2021-08-23,185,0,44,17,M2,T,,,,,,,,,,,,,
NIRPO,T6,2021-08-23,186,0,46,12,U4,R,,,,,,,,,,,,,
NIRPO,T6,2021-08-23,187,0,46,17,U4,R,,,,,,,,,,,,,
NIRPO,T6,2021-08-23,188,0,45,22,M2,FC,,,,,,,,,,,,,
NIRPO,T6,2021-08-23,189,0,51,22,M2,FC,,,,,,,,,,,,,
NIRPO,T6,2021-08-23,190,0,53,18,M2,FC,,,,,,,,,,,,,
NIRPO,T6,2021-08-23,191,0,57,21,M2,FC,,,,,,,,,,,,,
NIRPO,T6,2021-08-23,192,0,54,22,M2,FC,,,,,,,,,,,,,
NIRPO,T6,2021-08-23,193,0,52,19,M2,FC,,,,,,,,,,,,,
NIRPO,T6,2021-08-23,194,0,50,17,M2,FC,,,,,,,,,,,,,
NIRPO,T6,2021-08-23,195,0,46,23,M2,FC,,,,,,,,,,,,,
NIRPO,T6,2021-08-23,196,0,43,24,U4,R,,,,,,,,,,,,,
NIRPO,T6,2021-08-23,197,0,45,23,U4,FC,,,,,,,,,,,,,
NIRPO,T6,2021-08-23,198,0,64,28,U4,FC,,,,,,,,,,,,,
NIRPO,T6,2021-08-23,199,29,51,10,E1,P,,,,,,,,,,,,,
NIRPO,T6,2021-08-23,200,36,50,35,W,P,,,,,,,,,,,,,
NIRPO,T7,2021-08-23,0,0,42,12,U4,R,,,,,,,,,,,,,
NIRPO,T7,2021-08-23,1,0,42,13,U4 ,R,,,,,,,,,,,,,
NIRPO,T7,2021-08-23,2,0,40,7,M2,T,,,,,,,,,,,,,
NIRPO,T7,2021-08-23,3,0,46,14,U4,R,,,,,,,,,,,,,
NIRPO,T7,2021-08-23,4,0,45,10,U4,R,,,,,,,,,,,,,
NIRPO,T7,2021-08-23,5,0,37,14,U4,R,,,,,,,,,,,,,
NIRPO,T7,2021-08-23,6,0,33,5,U4,R,,,,,,,,,,,,,
NIRPO,T7,2021-08-23,7,0,36,14,U4,R,,,,,,,,,,,,,
NIRPO,T7,2021-08-23,8,0,42,7,U4,R,,,,,,,,,,,,,
NIRPO,T7,2021-08-23,9,0,39,10,U4,R,,,,,,,,,,,,,
NIRPO,T7,2021-08-23,10,0,42,11,U4,R,,,,,,,,,,,,,
NIRPO,T7,2021-08-23,11,0,45,13,U4,R,,,,,,,,,,,,,
NIRPO,T7,2021-08-23,12,0,42,9,U4,R,,,,,,,,,,,,,
NIRPO,T7,2021-08-23,13,0,45,12,U4,R,,,,,,,,,,,,,
NIRPO,T7,2021-08-23,14,0,43,11,U4,R,,,,,,,,,,,,,
NIRPO,T7,2021-08-23,15,0,44,12,U4 ,R,,,,,,,,,,,,,
NIRPO,T7,2021-08-23,16,0,39,8,U4,R,,,,,,,,,,,,,
NIRPO,T7,2021-08-23,17,0,41,15,U4,R,,,,,,,,,,,,,
NIRPO,T7,2021-08-23,18,0,45,10,M2,T,,,,,,,,,,,,,
NIRPO,T7,2021-08-23,19,0,47,14,U4,R,,,,,,,,,,,,,
NIRPO,T7,2021-08-23,20,0,55,10,U4,R,,,,,,,,,,,,,
NIRPO,T7,2021-08-23,21,0,48,15,U4,R,,,,,,,,,,,,,
NIRPO,T7,2021-08-23,22,0,37,10,U4,R,,,,,,,,,,,,,
NIRPO,T7,2021-08-23,23,0,41,13,U4,R,,,,,,,,,,,,,
NIRPO,T7,2021-08-23,24,0,31,5,U4,R,,,,,,,,,,,,,
NIRPO,T7,2021-08-23,25,0,34,4,U4,R,,,,,,,,,,,,,
NIRPO,T7,2021-08-23,26,0,39,5,U4,R,,,,,,,,,,,,,
NIRPO,T7,2021-08-23,27,0,42,3,U4,R,,,,,,,,,,,,,
NIRPO,T7,2021-08-23,28,0,59,4,U4,R,,,,,,,,,,,,,
NIRPO,T7,2021-08-23,29,0,66,16,U4,R,,,,,,,,,,,,,
NIRPO,T7,2021-08-23,30,9,71,21,E1,T,,,,,,,,,,,,,
NIRPO,T7,2021-08-23,31,11,55,25,E1,T,,,,,,,,,,,,,
NIRPO,T7,2021-08-23,32,20,44,36,E1,T,,,,,,,,,,,,,
NIRPO,T7,2021-08-23,33,0,37,10,U4,R,,,,,,,,,,,,,
NIRPO,T7,2021-08-23,34,0,49,20,U4,LC,,,,,,,,,,,,,
NIRPO,T7,2021-08-23,35,0,48,10,M2,LC,,,,,,,,,,,,,
NIRPO,T7,2021-08-23,36,3,51,15,M4,LC,,,,,,,,,,,,,
NIRPO,T7,2021-08-23,37,5,50,15,M4,LC,,,,,,,,,,,,,
NIRPO,T7,2021-08-23,38,5,53,17,M4,LC,,,,,,,,,,,,,
NIRPO,T7,2021-08-23,39,8,52,10,M4,LC,,,,,,,,,,,,,
NIRPO,T7,2021-08-23,40,9,50,16,M4,LC,,,,,,,,,,,,,
NIRPO,T7,2021-08-23,41,6,50,11,M4,LC,,,,,,,,,,,,,
NIRPO,T7,2021-08-23,42,6,50,15,M4,LC,,,,,,,,,,,,,
NIRPO,T7,2021-08-23,43,0,53,8,M2,LC,,,,,,,,,,,,,
NIRPO,T7,2021-08-23,44,0,48,12,U4,LC,,,,,,,,,,,,,
NIRPO,T7,2021-08-23,45,0,47,12,U4,R,,,,,,,,,,,,,
NIRPO,T7,2021-08-23,46,5,40,13,M2,T,,,,,,,,,,,,,
NIRPO,T7,2021-08-23,47,,57,14,U4,R,,,,,,,,,,,,,
NIRPO,T7,2021-08-23,48,,49,16,M2,LC,,,,,,,,,,,,,
NIRPO,T7,2021-08-23,49,,55,11,M2,LC,,,,,,,,,,,,,
NIRPO,T7,2021-08-23,50,4,46,14,M2,LC,,,,,,,,,,,,,
NIRPO,T7,2021-08-23,51,1,52,16,M4,LC,,,,,,,,,,,,,
NIRPO,T7,2021-08-23,52,5,52,16,M4,LC,,,,,,,,,,,,,
NIRPO,T7,2021-08-23,53,5,52,17,M4,LC,,,,,,,,,,,,,
NIRPO,T7,2021-08-23,54,3,51,12,M4,LC,,,,,,,,,,,,,
NIRPO,T7,2021-08-23,55,0,53,12,M2,H,,,,,,,,,,,,,
NIRPO,T7,2021-08-23,56,9,45,15,M4,T,,,,,,,,,,,,,
NIRPO,T7,2021-08-23,57,10,45,18,M4,T,,,,,,,,,,,,,
NIRPO,T7,2021-08-23,58,6,45,20,M4,T,,,,,,,,,,,,,
NIRPO,T7,2021-08-23,59,1,48,10,M2,T,,,,,,,,,,,,,
NIRPO,T7,2021-08-23,60,1,45,12,M2,T,,,,,,,,,,,,,
NIRPO,T7,2021-08-23,61,0,46,11,M2,LC,,,,,,,,,,,,,
NIRPO,T7,2021-08-23,62,0,45,10,M2,LC,,,,,,,,,,,,,
NIRPO,T7,2021-08-23,63,1,44,12,M2,LC,,,,,,,,,,,,,
NIRPO,T7,2021-08-23,64,3,44,16,M2,LC,,,,,,,,,,,,,
NIRPO,T7,2021-08-23,65,0,45,10,U4,R,,,,,,,,,,,,,
NIRPO,T7,2021-08-23,66,0,42,11,U4 ,R,,,,,,,,,,,,,
NIRPO,T7,2021-08-23,67,0,50,7,U4,R,,,,,,,,,,,,,
NIRPO,T7,2021-08-23,68,2,44,8,M2,T,,,,,,,,,,,,,
NIRPO,T7,2021-08-23,69,0,52,12,M2,F,,,,,,,,,,,,,
NIRPO,T7,2021-08-23,70,1,48,15,M2,F,,,,,,,,,,,,,
NIRPO,T7,2021-08-23,71,5,48,13,M4,F,,,,,,,,,,,,,
NIRPO,T7,2021-08-23,72,3,52,16,M4,F,,,,,,,,,,,,,
NIRPO,T7,2021-08-23,73,5,52,16,M4,F,,,,,,,,,,,,,
NIRPO,T7,2021-08-23,74,5,52,19,M4,F,,,,,,,,,,,,,
NIRPO,T7,2021-08-23,75,6,48,20,M4,F,,,,,,,,,,,,,
NIRPO,T7,2021-08-23,76,5,49,19,M4,F,,,,,,,,,,,,,
NIRPO,T7,2021-08-23,77,4,48,13,M4,F,,,,,,,,,,,,,
NIRPO,T7,2021-08-23,78,0,48,18,M2,F,,,,,,,,,,,,,
NIRPO,T7,2021-08-23,79,4,48,17,M4,F,,,,,,,,,,,,,
NIRPO,T7,2021-08-23,80,4,49,16,M2,LC,,,,,,,,,,,,,
NIRPO,T7,2021-08-23,81,0,48,15,M2,LC,,,,,,,,,,,,,
NIRPO,T7,2021-08-23,82,0,42,17,M2,LC,,,,,,,,,,,,,
NIRPO,T7,2021-08-23,83,1,51,11,M2,LC,,,,,,,,,,,,,
NIRPO,T7,2021-08-23,84,1,50,10,M2,LC,,,,,,,,,,,,,
NIRPO,T7,2021-08-23,85,0,50,10,M2,LC,,,,,,,,,,,,,
NIRPO,T7,2021-08-23,86,0,48,12,M2,LC,,,,,,,,,,,,,
NIRPO,T7,2021-08-23,87,0,48,11,M2,LC,,,,,,,,,,,,,
NIRPO,T7,2021-08-23,88,0,47,14,M2,LC,,,,,,,,,,,,,
NIRPO,T7,2021-08-23,89,0,47,15,M2,LC,,,,,,,,,,,,,
NIRPO,T7,2021-08-23,90,0,42,13,M2,LC,,,,,,,,,,,,,
NIRPO,T7,2021-08-23,91,0,41,11,M2,LC,,,,,,,,,,,,,
NIRPO,T7,2021-08-23,92,0,38,13,U4,R,,,,,,,,,,,,,
NIRPO,T7,2021-08-23,93,0,47,8,U4,R,,,,,,,,,,,,,
NIRPO,T7,2021-08-23,94,0,40,12,M2,LC,,,,,,,,,,,,,
NIRPO,T7,2021-08-23,95,0,45,10,M2,LC,,,,,,,,,,,,,
NIRPO,T7,2021-08-23,96,0,47,12,U4,H,,,,,,,,,,,,,
NIRPO,T7,2021-08-23,97,0,45,9,M2,LC,,,,,,,,,,,,,
NIRPO,T7,2021-08-23,98,0,44,10,M2,LC,,,,,,,,,,,,,
NIRPO,T7,2021-08-23,99,0,40,13,M2,LC,,,,,,,,,,,,,
NIRPO,T7,2021-08-23,100,0,42,12,U4,H,,,,,,,,,,,,,
NIRPO,T7,2021-08-23,101,0,46,10,M2,T,,,,,,,,,,,,,
NIRPO,T7,2021-08-23,102,0,40,14,M2,R,,,,,,,,,,,,,
NIRPO,T7,2021-08-23,103,0,41,12,U4,F,,,,,,,,,,,,,
NIRPO,T7,2021-08-23,104,0,37,9,U4,F,,,,,,,,,,,,,
NIRPO,T7,2021-08-23,105,0,45,8,U4,F,,,,,,,,,,,,,
NIRPO,T7,2021-08-23,106,0,35,13,M2,T,,,,,,,,,,,,,
NIRPO,T7,2021-08-23,107,0,48,7,U4,R,,,,,,,,,,,,,
NIRPO,T7,2021-08-23,108,0,50,10,M2,F,,,,,,,,,,,,,
NIRPO,T7,2021-08-23,109,0,59,12,M2,F,,,,,,,,,,,,,
NIRPO,T7,2021-08-23,110,0,60,10,M2,F,,,,,,,,,,,,,
NIRPO,T7,2021-08-23,111,0,57,9,M2,F,,,,,,,,,,,,,
NIRPO,T7,2021-08-23,112,2,52,12,M2,F,,,,,,,,,,,,,
NIRPO,T7,2021-08-23,113,0,56,10,M2,H,,,,,,,,,,,,,
NIRPO,T7,2021-08-23,114,0,54,11,M2,F,,,,,,,,,,,,,
NIRPO,T7,2021-08-23,115,0,57,12,M2,F,,,,,,,,,,,,,
NIRPO,T7,2021-08-23,116,1,57,7,M4,F,,,,,,,,,,,,,
NIRPO,T7,2021-08-23,117,4,56,15,M4,F,,,,,,,,,,,,,
NIRPO,T7,2021-08-23,118,4,54,12,M4,F,,,,,,,,,,,,,
NIRPO,T7,2021-08-23,119,0,54,10,M2,F,,,,,,,,,,,,,
NIRPO,T7,2021-08-23,120,0,52,7,U4 ,H,,,,,,,,,,,,,
NIRPO,T7,2021-08-23,121,0,54,11,U4,F,,,,,,,,,,,,,
NIRPO,T7,2021-08-23,122,0,53,14,M2,F,,,,,,,,,,,,,
NIRPO,T7,2021-08-23,123,0,51,10,U4,R,,,,,,,,,,,,,
NIRPO,T7,2021-08-23,124,0,48,7,U4 ,R,,,,,,,,,,,,,
NIRPO,T7,2021-08-23,125,0,52,13,U4 ,R,,,,,,,,,,,,,
NIRPO,T7,2021-08-23,126,0,39,11,U4,R,,,,,,,,,,,,,
NIRPO,T7,2021-08-23,127,0,48,7,U4,R,,,,,,,,,,,,,
NIRPO,T7,2021-08-23,128,0,48,14,U4,R,,,,,,,,,,,,,
NIRPO,T7,2021-08-23,129,0,54,13,M2,F,,,,,,,,,,,,,
NIRPO,T7,2021-08-23,130,0,50,12,U4,R,,,,,,,,,,,,,
NIRPO,T7,2021-08-23,131,0,49,15,M2,F,,,,,,,,,,,,,
NIRPO,T7,2021-08-23,132,0,51,14,M2,F,,,,,,,,,,,,,
NIRPO,T7,2021-08-23,133,0,49,11,M2,F,,,,,,,,,,,,,
NIRPO,T7,2021-08-23,134,0,47,11,M2,F,,,,,,,,,,,,,
NIRPO,T7,2021-08-23,135,0,47,15,M2,F,,,,,,,,,,,,,
NIRPO,T7,2021-08-23,136,0,48,16,M2,F,,,,,,,,,,,,,
NIRPO,T7,2021-08-23,137,0,50,12,M2,F,,,,,,,,,,,,,
NIRPO,T7,2021-08-23,138,0,48,13,M2,F,,,,,,,,,,,,,
NIRPO,T7,2021-08-23,139,0,49,12,U4,R,,,,,,,,,,,,,
NIRPO,T7,2021-08-23,140,0,47,14,U4,R,,,,,,,,,,,,,
NIRPO,T7,2021-08-23,141,0,51,8,U4,R,,,,,,,,,,,,,
NIRPO,T7,2021-08-23,142,0,48,11,U4,R,,,,,,,,,,,,,
NIRPO,T7,2021-08-23,143,0,51,16,U4,R,,,,,,,,,,,,,
NIRPO,T7,2021-08-23,144,23,53,0,U4,R,,,,,,,,,,,,,
NIRPO,T7,2021-08-23,145,39,51,0,U4,R,,,,,,,,,,,,,
NIRPO,T7,2021-08-23,146,34,53,0,U4,R,,,,,,,,,,,,,
NIRPO,T7,2021-08-23,147,27,61,40,U4,R,,,,,,,,,,,,,
NIRPO,T7,2021-08-23,148,25,54,35,W,P,,,,,,,,,,,,,
NIRPO,T7,2021-08-23,149,18,52,30,E1,P,,,,,,,,,,,,,
NIRPO,T7,2021-08-23,150,0,54,18,M2,T,,,,,,,,,,,,,
NIRPO,T7,2021-08-23,151,0,50,14,U4,R,,,,,,,,,,,,,
NIRPO,T7,2021-08-23,152,0,57,10,M2,F,,,,,,,,,,,,,
NIRPO,T7,2021-08-23,153,0,55,11,E1,F,,,,,,,,,,,,,
NIRPO,T7,2021-08-23,154,0,56,0,E1,F,,,,,,,,,,,,,
NIRPO,T7,2021-08-23,155,0,58,0,E1,F,,,,,,,,,,,,,
NIRPO,T7,2021-08-23,156,0,52,11,E1,F,,,,,,,,,,,,,
NIRPO,T7,2021-08-23,157,0,53,10,E1,F,,,,,,,,,,,,,
NIRPO,T7,2021-08-23,158,0,50,10,E1,F,,,,,,,,,,,,,
NIRPO,T7,2021-08-23,159,0,54,10,E1,F,,,,,,,,,,,,,
NIRPO,T7,2021-08-23,160,0,53,12,E1,F,,,,,,,,,,,,,
NIRPO,T7,2021-08-23,161,0,55,11,E1,F,,,,,,,,,,,,,
NIRPO,T7,2021-08-23,162,0,51,12,E1,F,,,,,,,,,,,,,
NIRPO,T7,2021-08-23,163,0,50,5,E1,F,,,,,,,,,,,,,
NIRPO,T7,2021-08-23,164,0,50,9,E1,F,,,,,,,,,,,,,
NIRPO,T7,2021-08-23,165,0,52,10,E1,F,,,,,,,,,,,,,
NIRPO,T7,2021-08-23,166,0,50,14,M4,F,,,,,,,,,,,,,
NIRPO,T7,2021-08-23,167,0,55,12,M4,F,,,,,,,,,,,,,
NIRPO,T7,2021-08-23,168,0,50,10,M4,F,,,,,,,,,,,,,
NIRPO,T7,2021-08-23,169,0,48,13,M4,F,,,,,,,,,,,,,
NIRPO,T7,2021-08-23,170,0,36,16,M4,F,,,,,,,,,,,,,
NIRPO,T7,2021-08-23,171,1,55,15,M4,F,,,,,,,,,,,,,
NIRPO,T7,2021-08-23,172,11,48,16,M4,T,,,,,,,,,,,,,
NIRPO,T7,2021-08-23,173,0,58,13,M4,F,,,,,,,,,,,,,
NIRPO,T7,2021-08-23,174,0,50,14,M4,F,,,,,,,,,,,,,
NIRPO,T7,2021-08-23,175,0,57,15,M4,F,,,,,,,,,,,,,
NIRPO,T7,2021-08-23,176,0,51,15,M4,F,,,,,,,,,,,,,
NIRPO,T7,2021-08-23,177,0,51,15,M4,F,,,,,,,,,,,,,
NIRPO,T7,2021-08-23,178,0,54,16,M4,F,,,,,,,,,,,,,
NIRPO,T7,2021-08-23,179,0,53,15,M4,F,,,,,,,,,,,,,
NIRPO,T7,2021-08-23,180,0,57,14,M4,F,,,,,,,,,,,,,
NIRPO,T7,2021-08-23,181,0,52,15,M4,F,,,,,,,,,,,,,
NIRPO,T7,2021-08-23,182,0,52,13,M4,F,,,,,,,,,,,,,
NIRPO,T7,2021-08-23,183,0,56,15,M4,F,,,,,,,,,,,,,
NIRPO,T7,2021-08-23,184,0,52,14,M4,F,,,,,,,,,,,,,
NIRPO,T7,2021-08-23,185,0,53,10,M4,F,,,,,,,,,,,,,
NIRPO,T7,2021-08-23,186,0,48,13,M2,F,,,,,,,,,,,,,
NIRPO,T7,2021-08-23,187,0,50,14,M2,F,,,,,,,,,,,,,
NIRPO,T7,2021-08-23,188,0,44,10,M2,F,,,,,,,,,,,,,
NIRPO,T7,2021-08-23,189,0,53,7,M2,F,,,,,,,,,,,,,
NIRPO,T7,2021-08-23,190,0,44,9,M2,F,,,,,,,,,,,,,
NIRPO,T7,2021-08-23,191,0,44,10,U4,R,,,,,,,,,,,,,
NIRPO,T7,2021-08-23,192,0,39,12,U4,R,,,,,,,,,,,,,
NIRPO,T7,2021-08-23,193,0,43,5,U4,R,,,,,,,,,,,,,
NIRPO,T7,2021-08-23,194,0,45,10,U4,R,,,,,,,,,,,,,
NIRPO,T7,2021-08-23,195,0,44,12,M2,T,,,,,,,,,,,,,
NIRPO,T7,2021-08-23,196,0,40,14,M2,T,,,,,,,,,,,,,
NIRPO,T7,2021-08-23,197,0,44,14,U4,R,,,,,,,,,,,,,
NIRPO,T7,2021-08-23,198,0,42,11,U4,R,,,,,,,,,,,,,
NIRPO,T7,2021-08-23,199,0,43,10,U4,R,,,,,,,,,,,,,
NIRPO,T7,2021-08-23,200,0,30,11,U4,R,,,,,,,,,,,,,
NIRPO,T8,2021-08-23,0,NA,NA,NA,U4,R,,,,,,,,,,,,,
NIRPO,T8,2021-08-23,1,0,31,12,M2,T,,,,,,,,,,,,,
NIRPO,T8,2021-08-23,2,0,31,8,U3,R,,,,,,,,,,,,,
NIRPO,T8,2021-08-23,3,0,40,10,U4,LC,,,,,,,,,,,,,
NIRPO,T8,2021-08-23,4,0,42,11,U4,LC,,,,,,,,,,,,,
NIRPO,T8,2021-08-23,5,0,38,12,U4,LC,,,,,,,,,,,,,
NIRPO,T8,2021-08-23,6,0,45,14,U4,LC,,,,,,,,,,,,,
NIRPO,T8,2021-08-23,7,4,43,20,M2,LC,,,,,,,,,,,,,
NIRPO,T8,2021-08-23,8,0,43,9,M2,LC,,,,,,,,,,,,,
NIRPO,T8,2021-08-23,9,0,44,12,M2,LC,,,,,,,,,,,,,
NIRPO,T8,2021-08-23,10,0,47,11,M2,LC,,,,,,,,,,,,,
NIRPO,T8,2021-08-23,11,0,45,18,M4,T,,,,,,,,,,,,,
NIRPO,T8,2021-08-23,12,0,54,17,U4,R,,,,,,,,,,,,,
NIRPO,T8,2021-08-23,13,0,34,14,M2,F,,,,,,,,,,,,,
NIRPO,T8,2021-08-23,14,0,41,12,M2,F,,,,,,,,,,,,,
NIRPO,T8,2021-08-23,15,0,40,15,M2,F,,,,,,,,,,,,,
NIRPO,T8,2021-08-23,16,0,41,9,M2,P,,,,,,,,,,,,,
NIRPO,T8,2021-08-23,17,0,42,10,M2,F,,,,,,,,,,,,,
NIRPO,T8,2021-08-23,18,0,44,12,M2,F,,,,,,,,,,,,,
NIRPO,T8,2021-08-23,19,0,45,13,M2,F,,,,,,,,,,,,,
NIRPO,T8,2021-08-23,20,2,45,15,M2,F,,,,,,,,,,,,,
NIRPO,T8,2021-08-23,21,3,47,15,M2,F,,,,,,,,,,,,,
NIRPO,T8,2021-08-23,22,1,47,11,M2,F,,,,,,,,,,,,,
NIRPO,T8,2021-08-23,23,3,45,14,M2,F,,,,,,,,,,,,,
NIRPO,T8,2021-08-23,24,2,44,16,M2,F,,,,,,,,,,,,,
NIRPO,T8,2021-08-23,25,2,45,15,M2,F,,,,,,,,,,,,,
NIRPO,T8,2021-08-23,26,1,46,15,M2,F,,,,,,,,,,,,,
NIRPO,T8,2021-08-23,27,1,43,13,M2,F,,,,,,,,,,,,,
NIRPO,T8,2021-08-23,28,0,46,16,U4,R,,,,,,,,,,,,,
NIRPO,T8,2021-08-23,29,0,41,15,U4,R,,,,,,,,,,,,,
NIRPO,T8,2021-08-23,30,0,41,16,M2,F,,,,,,,,,,,,,
NIRPO,T8,2021-08-23,31,0,40,18,M2,F,,,,,,,,,,,,,
NIRPO,T8,2021-08-23,32,1,44,12,M2,F,,,,,,,,,,,,,
NIRPO,T8,2021-08-23,33,0,44,15,M2,F,,,,,,,,,,,,,
NIRPO,T8,2021-08-23,34,2,41,17,M2,F,,,,,,,,,,,,,
NIRPO,T8,2021-08-23,35,2,41,21,M2,F,,,,,,,,,,,,,
NIRPO,T8,2021-08-23,36,4,44,13,M2,F,,,,,,,,,,,,,
NIRPO,T8,2021-08-23,37,4,45,16,M2,F,,,,,,,,,,,,,
NIRPO,T8,2021-08-23,38,4,45,15,M2,F,,,,,,,,,,,,,
NIRPO,T8,2021-08-23,39,4,47,20,M2,F,,,,,,,,,,,,,
NIRPO,T8,2021-08-23,40,4,46,12,M2,F,,,,,,,,,,,,,
NIRPO,T8,2021-08-23,41,4,46,14,M2,F,,,,,,,,,,,,,
NIRPO,T8,2021-08-23,42,1,45,15,M4,F,,,,,,,,,,,,,
NIRPO,T8,2021-08-23,43,3,42,23,M4,F,,,,,,,,,,,,,
NIRPO,T8,2021-08-23,44,3,46,18,M2,F,,,,,,,,,,,,,
NIRPO,T8,2021-08-23,45,5,42,18,M4,F,,,,,,,,,,,,,
NIRPO,T8,2021-08-23,46,3,45,19,M4,F,,,,,,,,,,,,,
NIRPO,T8,2021-08-23,47,5,44,18,M4,F,,,,,,,,,,,,,
NIRPO,T8,2021-08-23,48,3,46,16,M4,F,,,,,,,,,,,,,
NIRPO,T8,2021-08-23,49,5,44,17,M4,F,,,,,,,,,,,,,
NIRPO,T8,2021-08-23,50,7,42,16,M4,F,,,,,,,,,,,,,
NIRPO,T8,2021-08-23,51,5,46,17,M4,F,,,,,,,,,,,,,
NIRPO,T8,2021-08-23,52,3,43,16,M4,F,,,,,,,,,,,,,
NIRPO,T8,2021-08-23,53,3,45,17,M4,F,,,,,,,,,,,,,
NIRPO,T8,2021-08-23,54,2,50,15,M4,F,,,,,,,,,,,,,
NIRPO,T8,2021-08-23,55,7,45,17,M4,F,,,,,,,,,,,,,
NIRPO,T8,2021-08-23,56,6,45,19,M4,F,,,,,,,,,,,,,
NIRPO,T8,2021-08-23,57,7,47,15,M4,F,,,,,,,,,,,,,
NIRPO,T8,2021-08-23,58,8,48,16,M4,F,,,,,,,,,,,,,
NIRPO,T8,2021-08-23,59,7,46,16,M4,F,,,,,,,,,,,,,
NIRPO,T8,2021-08-23,60,3,44,15,M4,F,,,,,,,,,,,,,
NIRPO,T8,2021-08-23,61,4,41,16,M4,F,,,,,,,,,,,,,
NIRPO,T8,2021-08-23,62,1,41,15,M2,F,,,,,,,,,,,,,
NIRPO,T8,2021-08-23,63,3,40,15,M4,F,,,,,,,,,,,,,
NIRPO,T8,2021-08-23,64,0,40,16,M4,F,,,,,,,,,,,,,
NIRPO,T8,2021-08-23,65,3,37,18,M2,F,,,,,,,,,,,,,
NIRPO,T8,2021-08-23,66,1,43,19,M2,F,,,,,,,,,,,,,
NIRPO,T8,2021-08-23,67,4,43,17,M4,F,,,,,,,,,,,,,
NIRPO,T8,2021-08-23,68,4,45,19,M4,F,,,,,,,,,,,,,
NIRPO,T8,2021-08-23,69,3,43,18,M2,F,,,,,,,,,,,,,
NIRPO,T8,2021-08-23,70,4,47,16,M4,F,,,,,,,,,,,,,
NIRPO,T8,2021-08-23,71,4,46,16,M4,F,,,,,,,,,,,,,
NIRPO,T8,2021-08-23,72,2,45,19,M4,F,,,,,,,,,,,,,
NIRPO,T8,2021-08-23,73,4,40,15,M4,F,,,,,,,,,,,,,
NIRPO,T8,2021-08-23,74,1,46,14,M2,F,,,,,,,,,,,,,
NIRPO,T8,2021-08-23,75,0,50,16,M2,H,,,,,,,,,,,,,
NIRPO,T8,2021-08-23,76,1,46,14,M4,F,,,,,,,,,,,,,
NIRPO,T8,2021-08-23,77,2,43,15,M2,F,,,,,,,,,,,,,
NIRPO,T8,2021-08-23,78,1,44,15,M2,F,,,,,,,,,,,,,
NIRPO,T8,2021-08-23,79,5,37,19,M4,T,,,,,,,,,,,,,
NIRPO,T8,2021-08-23,80,1,43,16,M2,F,,,,,,,,,,,,,
NIRPO,T8,2021-08-23,81,0,43,16,M2,F,,,,,,,,,,,,,
NIRPO,T8,2021-08-23,82,0,45,16,M2,F,,,,,,,,,,,,,
NIRPO,T8,2021-08-23,83,0,44,19,M2,F,,,,,,,,,,,,,
NIRPO,T8,2021-08-23,84,0,44,18,M2,F,,,,,,,,,,,,,
NIRPO,T8,2021-08-23,85,0,43,19,M2,F,,,,,,,,,,,,,
NIRPO,T8,2021-08-23,86,0,41,19,M2,F,,,,,,,,,,,,,
NIRPO,T8,2021-08-23,87,0,41,15,M2,F,,,,,,,,,,,,,
NIRPO,T8,2021-08-23,88,0,44,13,M2,F,,,,,,,,,,,,,
NIRPO,T8,2021-08-23,89,0,40,13,M2,F,,,,,,,,,,,,,
NIRPO,T8,2021-08-23,90,0,38,15,U4,F,,,,,,,,,,,,,
NIRPO,T8,2021-08-23,91,0,37,12,U4,F,,,,,,,,,,,,,
NIRPO,T8,2021-08-23,92,0,35,5,U4,F,,,,,,,,,,,,,
NIRPO,T8,2021-08-23,93,0,31,10,U3,B,,,,,,,,,,,,,
NIRPO,T8,2021-08-23,94,0,36,8,U10,B,,,,,,,,,,,,,
NIRPO,T8,2021-08-23,95,0,34,8,U10,B,,,,,,,,,,,,,
NIRPO,T8,2021-08-23,96,0,37,9,U10,B,,,,,,,,,,,,,
NIRPO,T8,2021-08-23,97,0,32,10,U10,B,,,,,,,,,,,,,
NIRPO,T8,2021-08-23,98,0,32,8,U4,F,,,,,,,,,,,,,
NIRPO,T8,2021-08-23,99,0,33,16,U4,F,,,,,,,,,,,,,
NIRPO,T8,2021-08-23,100,0,35,15,U4,F,,,,,,,,,,,,,
NIRPO,T8,2021-08-23,101,0,37,12,U4,F,,,,,,,,,,,,,
NIRPO,T8,2021-08-23,102,0,39,9,M2,F,,,,,,,,,,,,,
NIRPO,T8,2021-08-23,103,0,42,11,M2,F,,,,,,,,,,,,,
NIRPO,T8,2021-08-23,104,0,43,12,M2,F,,,,,,,,,,,,,
NIRPO,T8,2021-08-23,105,0,43,15,M2,F,,,,,,,,,,,,,
NIRPO,T8,2021-08-23,106,0,44,16,M2,F,,,,,,,,,,,,,
NIRPO,T8,2021-08-23,107,0,41,12,M2,F,,,,,,,,,,,,,
NIRPO,T8,2021-08-23,108,0,39,15,M2,F,,,,,,,,,,,,,
NIRPO,T8,2021-08-23,109,0,40,17,M2,F,,,,,,,,,,,,,
NIRPO,T8,2021-08-23,110,0,38,16,M2,F,,,,,,,,,,,,,
NIRPO,T8,2021-08-23,111,0,39,19,M2,F,,,,,,,,,,,,,
NIRPO,T8,2021-08-23,112,0,40,11,M2,F,,,,,,,,,,,,,
NIRPO,T8,2021-08-23,113,0,40,15,M2,F,,,,,,,,,,,,,
NIRPO,T8,2021-08-23,114,0,42,14,M2,F,,,,,,,,,,,,,
NIRPO,T8,2021-08-23,115,0,40,10,M2,F,,,,,,,,,,,,,
NIRPO,T8,2021-08-23,116,0,43,16,M2,F,,,,,,,,,,,,,
NIRPO,T8,2021-08-23,117,1,41,18,M2,F,,,,,,,,,,,,,
NIRPO,T8,2021-08-23,118,1,43,16,M2,F,,,,,,,,,,,,,
NIRPO,T8,2021-08-23,119,3,39,20,M2,F,,,,,,,,,,,,,
NIRPO,T8,2021-08-23,120,0,45,18,M2,F,,,,,,,,,,,,,
NIRPO,T8,2021-08-23,121,2,41,17,M2,F,,,,,,,,,,,,,
NIRPO,T8,2021-08-23,122,2,40,15,M2,F,,,,,,,,,,,,,
NIRPO,T8,2021-08-23,123,0,42,16,M2,F,,,,,,,,,,,,,
NIRPO,T8,2021-08-23,124,1,41,16,M2,F,,,,,,,,,,,,,
NIRPO,T8,2021-08-23,125,1,40,14,M2,F,,,,,,,,,,,,,
NIRPO,T8,2021-08-23,126,0,41,20,M2,F,,,,,,,,,,,,,
NIRPO,T8,2021-08-23,127,0,40,17,M2,F,,,,,,,,,,,,,
NIRPO,T8,2021-08-23,128,1,41,18,M2,F,,,,,,,,,,,,,
NIRPO,T8,2021-08-23,129,1,41,13,M2,F,,,,,,,,,,,,,
NIRPO,T8,2021-08-23,130,1,42,15,M4,F,,,,,,,,,,,,,
NIRPO,T8,2021-08-23,131,2,41,13,M2,F,,,,,,,,,,,,,
NIRPO,T8,2021-08-23,132,1,43,14,M2,F,,,,,,,,,,,,,
NIRPO,T8,2021-08-23,133,1,43,16,M2,F,,,,,,,,,,,,,
NIRPO,T8,2021-08-23,134,1,40,13,M2,F,,,,,,,,,,,,,
NIRPO,T8,2021-08-23,135,0,35,15,U4,B,,,,,,,,,,,,,
NIRPO,T8,2021-08-23,136,1,41,16,M2,F,,,,,,,,,,,,,
NIRPO,T8,2021-08-23,137,1,42,17,M2,F,,,,,,,,,,,,,
NIRPO,T8,2021-08-23,138,0,46,18,M2,F,,,,,,,,,,,,,
NIRPO,T8,2021-08-23,139,1,42,17,M2,F,,,,,,,,,,,,,
NIRPO,T8,2021-08-23,140,2,42,16,M4,F,,,,,,,,,,,,,
NIRPO,T8,2021-08-23,141,3,43,12,M4,F,,,,,,,,,,,,,
NIRPO,T8,2021-08-23,142,2,42,10,M4,F,,,,,,,,,,,,,
NIRPO,T8,2021-08-23,143,3,42,9,M4,F,,,,,,,,,,,,,
NIRPO,T8,2021-08-23,144,0,44,18,U2,F,,,,,,,,,,,,,
NIRPO,T8,2021-08-23,145,3,40,13,M4,F,,,,,,,,,,,,,
NIRPO,T8,2021-08-23,146,6,40,19,M4,F,,,,,,,,,,,,,
NIRPO,T8,2021-08-23,147,4,42,17,M4,F,,,,,,,,,,,,,
NIRPO,T8,2021-08-23,148,3,41,12,M4,F,,,,,,,,,,,,,
NIRPO,T8,2021-08-23,149,6,42,13,M4,F,,,,,,,,,,,,,
NIRPO,T8,2021-08-23,150,9,40,13,M4,F,,,,,,,,,,,,,
NIRPO,T8,2021-08-23,151,5,40,14,M4,F,,,,,,,,,,,,,
NIRPO,T8,2021-08-23,152,4,41,18,M4,F,,,,,,,,,,,,,
NIRPO,T8,2021-08-23,153,4,40,17,M4,F,,,,,,,,,,,,,
NIRPO,T8,2021-08-23,154,5,42,11,M4,F,,,,,,,,,,,,,
NIRPO,T8,2021-08-23,155,5,38,19,M4,F,,,,,,,,,,,,,
NIRPO,T8,2021-08-23,156,5,41,12,M4,F,,,,,,,,,,,,,
NIRPO,T8,2021-08-23,157,1,42,15,M4,F,,,,,,,,,,,,,
NIRPO,T8,2021-08-23,158,2,43,17,M4,F,,,,,,,,,,,,,
NIRPO,T8,2021-08-23,159,2,43,16,M4,F,,,,,,,,,,,,,
NIRPO,T8,2021-08-23,160,2,43,19,M4,F,,,,,,,,,,,,,
NIRPO,T8,2021-08-23,161,4,41,12,M4,F,,,,,,,,,,,,,
NIRPO,T8,2021-08-23,162,1,43,15,M4,F,,,,,,,,,,,,,
NIRPO,T8,2021-08-23,163,4,41,17,M4,F,,,,,,,,,,,,,
NIRPO,T8,2021-08-23,164,2,42,18,M4,F,,,,,,,,,,,,,
NIRPO,T8,2021-08-23,165,0,43,15,M4,F,,,,,,,,,,,,,
NIRPO,T8,2021-08-23,166,0,41,18,M2,F,,,,,,,,,,,,,
NIRPO,T8,2021-08-23,167,0,40,17,M4,F,,,,,,,,,,,,,
NIRPO,T8,2021-08-23,168,1,43,12,M4,F,,,,,,,,,,,,,
NIRPO,T8,2021-08-23,169,2,40,13,M4,F,,,,,,,,,,,,,
NIRPO,T8,2021-08-23,170,1,41,10,M4,F,,,,,,,,,,,,,
NIRPO,T8,2021-08-23,171,0,43,9,M4,F,,,,,,,,,,,,,
NIRPO,T8,2021-08-23,172,0,41,12,M4,F,,,,,,,,,,,,,
NIRPO,T8,2021-08-23,173,0,42,15,M4,F,,,,,,,,,,,,,
NIRPO,T8,2021-08-23,174,0,44,16,M4,F,,,,,,,,,,,,,
NIRPO,T8,2021-08-23,175,0,44,18,M4,F,,,,,,,,,,,,,
NIRPO,T8,2021-08-23,176,1,40,17,M2,F,,,,,,,,,,,,,
NIRPO,T8,2021-08-23,177,1,42,17,M2,F,,,,,,,,,,,,,
NIRPO,T8,2021-08-23,178,1,39,18,M4,F,,,,,,,,,,,,,
NIRPO,T8,2021-08-23,179,0,45,18,M4,F,,,,,,,,,,,,,
NIRPO,T8,2021-08-23,180,0,44,11,M4,F,,,,,,,,,,,,,
NIRPO,T8,2021-08-23,181,3,42,13,M4,F,,,,,,,,,,,,,
NIRPO,T8,2021-08-23,182,2,41,12,M4,F,,,,,,,,,,,,,
NIRPO,T8,2021-08-23,183,4,40,13,M4,F,,,,,,,,,,,,,
NIRPO,T8,2021-08-23,184,1,43,9,M4,F,,,,,,,,,,,,,
NIRPO,T8,2021-08-23,185,3,42,13,M4,F,,,,,,,,,,,,,
NIRPO,T8,2021-08-23,186,2,44,13,M4,F,,,,,,,,,,,,,
NIRPO,T8,2021-08-23,187,1,42,15,M4,F,,,,,,,,,,,,,
NIRPO,T8,2021-08-23,188,1,44,9,M4,F,,,,,,,,,,,,,
NIRPO,T8,2021-08-23,189,2,38,16,M4,F,,,,,,,,,,,,,
NIRPO,T8,2021-08-23,190,1,37,15,M4,F,,,,,,,,,,,,,
NIRPO,T8,2021-08-23,191,0,42,15,M4,F,,,,,,,,,,,,,
NIRPO,T8,2021-08-23,192,1,43,17,M4,F,,,,,,,,,,,,,
NIRPO,T8,2021-08-23,193,3,43,18,M4,F,,,,,,,,,,,,,
NIRPO,T8,2021-08-23,194,0,46,10,M4,F,,,,,,,,,,,,,
NIRPO,T8,2021-08-23,195,4,42,12,M4,F,,,,,,,,,,,,,
NIRPO,T8,2021-08-23,196,2,44,13,M4,F,,,,,,,,,,,,,
NIRPO,T8,2021-08-23,197,3,42,16,M4,F,,,,,,,,,,,,,
NIRPO,T8,2021-08-23,198,2,42,15,M4,F,,,,,,,,,,,,,
NIRPO,T8,2021-08-23,199,5,41,16,M4,F,,,,,,,,,,,,,
NIRPO,T8,2021-08-23,200,4,31,15,M4,F,,,,,,,,,,,,,
NIRPO,T9,2021-08-23,0,0,NA,NA,M2,T,,,,,,,,,,,,,
NIRPO,T9,2021-08-23,1,0,29,13,U4,T,,,,,,,,,,,,,
NIRPO,T9,2021-08-23,2,0,28,7,U4,T,,,,,,,,,,,,,
NIRPO,T9,2021-08-23,3,0,28,14,U4,T,,,,,,,,,,,,,
NIRPO,T9,2021-08-23,4,0,37,10,U3,R,,,,,,,,,,,,,
NIRPO,T9,2021-08-23,5,0,38,14,U3,R,,,,,,,,,,,,,
NIRPO,T9,2021-08-23,6,0,37,5,U3,R,,,,,,,,,,,,,
NIRPO,T9,2021-08-23,7,0,38,14,U3,R,,,,,,,,,,,,,
NIRPO,T9,2021-08-23,8,0,39,7,U3,R,,,,,,,,,,,,,
NIRPO,T9,2021-08-23,9,0,45,10,U$,R,,,,,,,,,,,,,
NIRPO,T9,2021-08-23,10,0,53,11,U4,R,,,,,,,,,,,,,
NIRPO,T9,2021-08-23,11,0,40,13,E1,T,,,,,,,,,,,,,
NIRPO,T9,2021-08-23,12,0,48,9,U4,T,,,,,,,,,,,,,
NIRPO,T9,2021-08-23,13,0,41,12,U4,FC,,,,,,,,,,,,,
NIRPO,T9,2021-08-23,14,0,40,11,U4,FC,,,,,,,,,,,,,
NIRPO,T9,2021-08-23,15,0,39,12,U4,FC,,,,,,,,,,,,,
NIRPO,T9,2021-08-23,16,0,42,8,U4,FC,,,,,,,,,,,,,
NIRPO,T9,2021-08-23,17,0,36,15,U3,R,,,,,,,,,,,,,
NIRPO,T9,2021-08-23,18,0,39,10,U3,R,,,,,,,,,,,,,
NIRPO,T9,2021-08-23,19,0,36,14,U4,FC,,,,,,,,,,,,,
NIRPO,T9,2021-08-23,20,0,38,10,U4,FC,,,,,,,,,,,,,
NIRPO,T9,2021-08-23,21,0,38,15,U4,FC,,,,,,,,,,,,,
NIRPO,T9,2021-08-23,22,0,38,10,U4,FC,,,,,,,,,,,,,
NIRPO,T9,2021-08-23,23,0,39,13,U4,FC,,,,,,,,,,,,,
NIRPO,T9,2021-08-23,24,0,35,5,U3,R,,,,,,,,,,,,,
NIRPO,T9,2021-08-23,25,0,35,4,U3,R,,,,,,,,,,,,,
NIRPO,T9,2021-08-23,26,0,42,5,U3,R,,,,,,,,,,,,,
NIRPO,T9,2021-08-23,27,0,42,3,U4,FC,,,,,,,,,,,,,
NIRPO,T9,2021-08-23,28,0,38,4,U4,FC,,,,,,,,,,,,,
NIRPO,T9,2021-08-23,29,0,40,16,U4,FC,,,,,,,,,,,,,
NIRPO,T9,2021-08-23,30,0,39,21,U4,FC,,,,,,,,,,,,,
NIRPO,T9,2021-08-23,31,0,40,25,U3,FC,,,,,,,,,,,,,
NIRPO,T9,2021-08-23,32,0,44,36,U4,R,,,,,,,,,,,,,
NIRPO,T9,2021-08-23,33,0,38,10,M2,T,,,,,,,,,,,,,
NIRPO,T9,2021-08-23,34,0,40,20,U3,R,,,,,,,,,,,,,
NIRPO,T9,2021-08-23,35,0,40,10,U4,FC,,,,,,,,,,,,,
NIRPO,T9,2021-08-23,36,0,34,15,U4,FC,,,,,,,,,,,,,
NIRPO,T9,2021-08-23,37,0,36,15,U4,FC,,,,,,,,,,,,,
NIRPO,T9,2021-08-23,38,0,33,17,U4,FC,,,,,,,,,,,,,
NIRPO,T9,2021-08-23,39,0,38,10,U3,R,,,,,,,,,,,,,
NIRPO,T9,2021-08-23,40,0,29,16,M2,T,,,,,,,,,,,,,
NIRPO,T9,2021-08-23,41,0,36,11,U3,R,,,,,,,,,,,,,
NIRPO,T9,2021-08-23,42,0,33,15,U4,FC,,,,,,,,,,,,,
NIRPO,T9,2021-08-23,43,0,35,8,U4,T,,,,,,,,,,,,,
NIRPO,T9,2021-08-23,44,0,35,12,M2,T,,,,,,,,,,,,,
NIRPO,T9,2021-08-23,45,0,40,12,U4,FC,,,,,,,,,,,,,
NIRPO,T9,2021-08-23,46,0,34,13,U4,T,,,,,,,,,,,,,
NIRPO,T9,2021-08-23,47,0,42,14,U4,FC,,,,,,,,,,,,,
NIRPO,T9,2021-08-23,48,0,38,16,U4,FC,,,,,,,,,,,,,
NIRPO,T9,2021-08-23,49,0,40,11,U4,FC,,,,,,,,,,,,,
NIRPO,T9,2021-08-23,50,0,31,14,U4,FC,,,,,,,,,,,,,
NIRPO,T9,2021-08-23,51,0,42,16,U4,FC,,,,,,,,,,,,,
NIRPO,T9,2021-08-23,52,0,39,16,U4,FC,,,,,,,,,,,,,
NIRPO,T9,2021-08-23,53,0,37,17,U4,FC,,,,,,,,,,,,,
NIRPO,T9,2021-08-23,54,0,34,12,U3,FC,,,,,,,,,,,,,
NIRPO,T9,2021-08-23,55,0,35,12,U3,R,,,,,,,,,,,,,
NIRPO,T9,2021-08-23,56,0,34,13,U4,T,,,,,,,,,,,,,
NIRPO,T9,2021-08-23,57,0,33,18,U3,R,,,,,,,,,,,,,
NIRPO,T9,2021-08-23,58,0,34,20,U4,FC,,,,,,,,,,,,,
NIRPO,T9,2021-08-23,59,0,32,10,U4,FC,,,,,,,,,,,,,
NIRPO,T9,2021-08-23,60,0,32,12,U4,FC,,,,,,,,,,,,,
NIRPO,T9,2021-08-23,61,0,33,11,U4,FC,,,,,,,,,,,,,
NIRPO,T9,2021-08-23,62,0,29,10,M2,T,,,,,,,,,,,,,
NIRPO,T9,2021-08-23,63,0,37,12,U4,FC,,,,,,,,,,,,,
NIRPO,T9,2021-08-23,64,0,34,16,U4,FC,,,,,,,,,,,,,
NIRPO,T9,2021-08-23,65,0,37,10,U4,FC,,,,,,,,,,,,,
NIRPO,T9,2021-08-23,66,0,37,11,U4,FC,,,,,,,,,,,,,
NIRPO,T9,2021-08-23,67,0,36,7,U4,FC,,,,,,,,,,,,,
NIRPO,T9,2021-08-23,68,0,35,8,U4,FC,,,,,,,,,,,,,
NIRPO,T9,2021-08-23,69,0,43,12,U4,FC,,,,,,,,,,,,,
NIRPO,T9,2021-08-23,70,0,41,15,U4,FC,,,,,,,,,,,,,
NIRPO,T9,2021-08-23,71,0,42,13,U4,FC,,,,,,,,,,,,,
NIRPO,T9,2021-08-23,72,0,38,16,U4,FC,,,,,,,,,,,,,
NIRPO,T9,2021-08-23,73,0,40,16,U4,GC,,,,,,,,,,,,,
NIRPO,T9,2021-08-23,74,0,42,19,U4,FC,,,,,,,,,,,,,
NIRPO,T9,2021-08-23,75,0,35,20,U4,R,,,,,,,,,,,,,
NIRPO,T9,2021-08-23,76,0,32,19,M2,T,,,,,,,,,,,,,
NIRPO,T9,2021-08-23,77,0,35,13,M2,T,,,,,,,,,,,,,
NIRPO,T9,2021-08-23,78,0,37,18,M2,T,,,,,,,,,,,,,
NIRPO,T9,2021-08-23,79,0,39,17,U4,R,,,,,,,,,,,,,
NIRPO,T9,2021-08-23,80,0,35,16,U4,R,,,,,,,,,,,,,
NIRPO,T9,2021-08-23,81,0,38,15,U4,LC,,,,,,,,,,,,,
NIRPO,T9,2021-08-23,82,0,42,17,U4,LC,,,,,,,,,,,,,
NIRPO,T9,2021-08-23,83,0,38,11,U4,LC,,,,,,,,,,,,,
NIRPO,T9,2021-08-23,84,0,39,10,U4,LC,,,,,,,,,,,,,
NIRPO,T9,2021-08-23,85,0,42,10,M2,LC,,,,,,,,,,,,,
NIRPO,T9,2021-08-23,86,0,40,12,M2,LC,,,,,,,,,,,,,
NIRPO,T9,2021-08-23,87,0,36,11,M2,T,,,,,,,,,,,,,
NIRPO,T9,2021-08-23,88,0,41,14,M2,LC,,,,,,,,,,,,,
NIRPO,T9,2021-08-23,89,0,46,15,M2,LC,,,,,,,,,,,,,
NIRPO,T9,2021-08-23,90,0,46,13,M2,LC,,,,,,,,,,,,,
NIRPO,T9,2021-08-23,91,2,44,11,M2,LC,,,,,,,,,,,,,
NIRPO,T9,2021-08-23,92,1,47,13,M2,LC,,,,,,,,,,,,,
NIRPO,T9,2021-08-23,93,0,48,8,M2,LC,,,,,,,,,,,,,
NIRPO,T9,2021-08-23,94,0,44,12,M2,LC,,,,,,,,,,,,,
NIRPO,T9,2021-08-23,95,0,41,10,U4,LC,,,,,,,,,,,,,
NIRPO,T9,2021-08-23,96,5,39,12,M2,T,,,,,,,,,,,,,
NIRPO,T9,2021-08-23,97,0,39,9,U4,R,,,,,,,,,,,,,
NIRPO,T9,2021-08-23,98,1,41,10,M2,LC,,,,,,,,,,,,,
NIRPO,T9,2021-08-23,99,0,43,13,M2,LC,,,,,,,,,,,,,
NIRPO,T9,2021-08-23,100,0,41,12,M2,LC,,,,,,,,,,,,,
Jorgenson,JS,2021-08-26,0,0,17,55,U4,FC,,,,,,,,,,,,,
Jorgenson,JS,2021-08-26,1,0,45,15,U4,FC,,,,,,,,,,,,,
Jorgenson,JS,2021-08-26,2,0,50,17,U4,FC,,,,,,,,,,,,,
Jorgenson,JS,2021-08-26,3,0,43,18,U4,T ,,,,,,,,,,,,,
Jorgenson,JS,2021-08-26,4,0,48,10,U4,FC,,,,,,,,,,,,,
Jorgenson,JS,2021-08-26,5,0,50,9,U4,FC,,,,,,,,,,,,,
Jorgenson,JS,2021-08-26,6,0,50,15,U4,FC,,,,,,,,,,,,,
Jorgenson,JS,2021-08-26,7,0,52,12,U4,FC,,,,,,,,,,,,,
Jorgenson,JS,2021-08-26,8,0,47,11,U4,FC,,,,,,,,,,,,,
Jorgenson,JS,2021-08-26,9,0,50,15,U4,FC,,,,,,,,,,,,,
Jorgenson,JS,2021-08-26,10,0,49,13,U4,FC,,,,,,,,,,,,,
Jorgenson,JS,2021-08-26,11,0,48,11,U4,FC,,,,,,,,,,,,,
Jorgenson,JS,2021-08-26,12,0,50,10,U4,FC,,,,,,,,,,,,,
Jorgenson,JS,2021-08-26,13,0,47,17,U4,FC,,,,,,,,,,,,,
Jorgenson,JS,2021-08-26,14,0,54,11,U4,FC,,,,,,,,,,,,,
Jorgenson,JS,2021-08-26,15,0,45,18,M2,FC,,,,,,,,,,,,,
Jorgenson,JS,2021-08-26,16,0,55,15,M2,FC,,,,,,,,,,,,,
Jorgenson,JS,2021-08-26,17,0,54,16,M2,FC,,,,,,,,,,,,,
Jorgenson,JS,2021-08-26,18,0,48,16,M2,FC,,,,,,,,,,,,,
Jorgenson,JS,2021-08-26,19,0,48,14,M2,FC,,,,,,,,,,,,,
Jorgenson,JS,2021-08-26,20,0,50,18,M2,FC,,,,,,,,,,,,,
Jorgenson,JS,2021-08-26,21,0,49,17,U4,FC,,,,,,,,,,,,,
Jorgenson,JS,2021-08-26,22,0,48,14,U4,FC,,,,,,,,,,,,,
Jorgenson,JS,2021-08-26,23,0,57,2,U3,FC,,,,,,,,,,,,,
Jorgenson,JS,2021-08-26,24,0,64,23,U4,FC,,,,,,,,,,,,,
Jorgenson,JS,2021-08-26,25,19,51,0,E1,P,,,,,,,,,,,,,
Jorgenson,JS,2021-08-26,26,28,43,8,CALGIG,P,,,,,,,,,,,,,
Jorgenson,JS,2021-08-26,27,28,46,40,E1,P,,,,,,,,,,,,,
Jorgenson,JS,2021-08-26,28,16,49,40,E1,P,,,,,,,,,,,,,
Jorgenson,JS,2021-08-26,29,0,52,12,U3,FC,,,,,,,,,,,,,
Jorgenson,JS,2021-08-26,30,0,53,16,U3,FC,,,,,,,,,,,,,
Jorgenson,JS,2021-08-26,31,0,53,9,U3,FC,,,,,,,,,,,,,
Jorgenson,JS,2021-08-26,32,0,52,12,U4,FC,,,,,,,,,,,,,
Jorgenson,JS,2021-08-26,33,0,46,11,U4,FC,,,,,,,,,,,,,
Jorgenson,JS,2021-08-26,34,0,49,15,U4,FC,,,,,,,,,,,,,
Jorgenson,JS,2021-08-26,35,0,43,12,U4,FC,,,,,,,,,,,,,
Jorgenson,JS,2021-08-26,36,0,44,13,U4,FC,,,,,,,,,,,,,
Jorgenson,JS,2021-08-26,37,0,42,13,U4,FC,,,,,,,,,,,,,
Jorgenson,JS,2021-08-26,38,0,47,12,U4,FC,,,,,,,,,,,,,
Jorgenson,JS,2021-08-26,39,0,41,12,U4,T ,,,,,,,,,,,,,
Jorgenson,JS,2021-08-26,40,0,48,10,U4,T ,,,,,,,,,,,,,
Jorgenson,JS,2021-08-26,41,0,52,17,U4,R,,,,,,,,,,,,,
Jorgenson,JS,2021-08-26,42,0,48,15,U4,R,,,,,,,,,,,,,
Jorgenson,JS,2021-08-26,43,0,39,19,U4,T ,,,,,,,,,,,,,
Jorgenson,JS,2021-08-26,44,0,52,9,U4,R,,,,,,,,,,,,,
Jorgenson,JS,2021-08-26,45,0,42,14,U4,FC,,,,,,,,,,,,,
Jorgenson,JS,2021-08-26,46,0,46,11,U4,FC,,,,,,,,,,,,,
Jorgenson,JS,2021-08-26,47,0,50,12,U4,FC,,,,,,,,,,,,,
Jorgenson,JS,2021-08-26,48,0,54,9,M2,FC,,,,,,,,,,,,,
Jorgenson,JS,2021-08-26,49,0,53,12,M2,FC,,,,,,,,,,,,,
Jorgenson,JS,2021-08-26,50,0,60,2,U4,FC,,,,,,,,,,,,,
Jorgenson,JS,2021-08-26,51,0,58,17,M2,FC,,,,,,,,,,,,,
Jorgenson,JS,2021-08-26,52,0,60,9,M2,FC,,,,,,,,,,,,,
Jorgenson,JS,2021-08-26,53,0,60,16,M2,FC,,,,,,,,,,,,,
Jorgenson,JS,2021-08-26,54,0,59,16,M2,FC,,,,,,,,,,,,,
Jorgenson,JS,2021-08-26,55,0,59,15,M2,FC,,,,,,,,,,,,,
Jorgenson,JS,2021-08-26,56,0,58,10,U4,FC,,,,,,,,,,,,,
Jorgenson,JS,2021-08-26,57,0,52,18,U4,FC,,,,,,,,,,,,,
Jorgenson,JS,2021-08-26,58,0,64,15,U4,R,,,,,,,,,,,,,
Jorgenson,JS,2021-08-26,59,19,45,40,E1,T ,,,,,,,,,,,,,
Jorgenson,JS,2021-08-26,60,26,42,42,E1,T ,,,,,,,,,,,,,
Jorgenson,JS,2021-08-26,61,27,36,45,E1,T ,,,,,,,,,,,,,
Jorgenson,JS,2021-08-26,62,0,63,15,U4,FC,,,,,,,,,,,,,
Jorgenson,JS,2021-08-26,63,0,53,15,U4,FC,,,,,,,,,,,,,
Jorgenson,JS,2021-08-26,64,0,45,11,U4,FC,,,,,,,,,,,,,
Jorgenson,JS,2021-08-26,65,0,57,10,M2,FC,,,,,,,,,,,,,
Jorgenson,JS,2021-08-26,66,0,56,10,M2,FC,,,,,,,,,,,,,
Jorgenson,JS,2021-08-26,67,0,58,10,U4,FC,,,,,,,,,,,,,
Jorgenson,JS,2021-08-26,68,0,60,1,U4,FC,,,,,,,,,,,,,
Jorgenson,JS,2021-08-26,69,0,59,8,U4,FC,,,,,,,,,,,,,
Jorgenson,JS,2021-08-26,70,0,59,7,U4,FC,,,,,,,,,,,,,
Jorgenson,JS,2021-08-26,71,0,63,15,U4,R,,,,,,,,,,,,,
Jorgenson,JS,2021-08-26,72,60,42,55,E1,T ,,,,,,,,,,,,,
Jorgenson,JS,2021-08-26,73,60,41,70,E1,T ,,,,,,,,,,,,,
Jorgenson,JS,2021-08-26,74,38,47,55,E1,T ,,,,,,,,,,,,,
Jorgenson,JS,2021-08-26,75,0,71,18,U4,R,,,,,,,,,,,,,
Jorgenson,JS,2021-08-26,76,0,56,15,U4,FC,,,,,,,,,,,,,
Jorgenson,JS,2021-08-26,77,0,56,8,U4,FC,,,,,,,,,,,,,
Jorgenson,JS,2021-08-26,78,0,52,15,U4,FC,,,,,,,,,,,,,
Jorgenson,JS,2021-08-26,79,0,52,12,U4,FC,,,,,,,,,,,,,
Jorgenson,JS,2021-08-26,80,0,52,15,M2,FC,,,,,,,,,,,,,
Jorgenson,JS,2021-08-26,81,0,52,11,U4,FC,,,,,,,,,,,,,
Jorgenson,JS,2021-08-26,82,0,52,15,U4,FC,,,,,,,,,,,,,
Jorgenson,JS,2021-08-26,83,0,49,11,U4,FC,,,,,,,,,,,,,
Jorgenson,JS,2021-08-26,84,0,52,20,U4,T ,,,,,,,,,,,,,
Jorgenson,JS,2021-08-26,85,20,44,35,E1,T ,,,,,,,,,,,,,
Jorgenson,JS,2021-08-26,86,0,65,12,U4,R,,,,,,,,,,,,,
Jorgenson,JS,2021-08-26,87,0,56,12,U4,FC,,,,,,,,,,,,,
Jorgenson,JS,2021-08-26,88,0,57,12,U4,FC,,,,,,,,,,,,,
Jorgenson,JS,2021-08-26,89,0,57,13,M2,FC,,,,,,,,,,,,,
Jorgenson,JS,2021-08-26,90,0,60,7,U4,FC,,,,,,,,,,,,,
Jorgenson,JS,2021-08-26,91,0,59,12,U4,FC,,,,,,,,,,,,,
Jorgenson,JS,2021-08-26,92,0,57,9,U4,FC,,,,,,,,,,,,,
Jorgenson,JS,2021-08-26,93,0,55,15,U4,FC,,,,,,,,,,,,,
Jorgenson,JS,2021-08-26,94,0,54,17,M2,FC,,,,,,,,,,,,,
Jorgenson,JS,2021-08-26,95,9,69,20,E1,T ,,,,,,,,,,,,,
Jorgenson,JS,2021-08-26,96,50,64,NA,HIPVUL,T ,,,,,,,,,,,,,
Jorgenson,JS,2021-08-26,97,54,49,NA,HIPVUL,T ,,,,,,,,,,,,,
Jorgenson,JS,2021-08-26,98,19,71,38,E1,T ,,,,,,,,,,,,,
Jorgenson,JS,2021-08-26,99,0,69,25,M2,T ,,,,,,,,,,,,,
Jorgenson,JS,2021-08-26,100,0,67,19,M2,T ,,,,,,,,,,,,,
Jorgenson,JS,2021-08-26,101,10,59,30,E1,T ,,,,,,,,,,,,,
Jorgenson,JS,2021-08-26,102,13,47,40,E1,T ,,,,,,,,,,,,,
Jorgenson,JS,2021-08-26,103,25,51,50,"E1, SCOSCO",T ,,,,,,,,,,,,,
Jorgenson,JS,2021-08-26,104,24,53,18,SCOSCO,T ,,,,,,,,,,,,,
Jorgenson,JS,2021-08-26,105,26,47,20,SCOSCO,T ,,,,,,,,,,,,,
Jorgenson,JS,2021-08-26,106,22,46,40,"E1, SCOSCO",T ,,,,,,,,,,,,,
Jorgenson,JS,2021-08-26,107,0,53,12,M2,R,,,,,,,,,,,,,
Jorgenson,JS,2021-08-26,108,0,58,12,U4,FC,,,,,,,,,,,,,
Jorgenson,JS,2021-08-26,109,0,50,12,M2,FC,,,,,,,,,,,,,
Jorgenson,JS,2021-08-26,110,0,50,14,U4,FC,,,,,,,,,,,,,
Jorgenson,JS,2021-08-26,111,0,61,10,M2,FC,,,,,,,,,,,,,
Jorgenson,JS,2021-08-26,112,24,50,40,E1,T ,,,,,,,,,,,,,
Jorgenson,JS,2021-08-26,113,13,48,28,E1,T ,,,,,,,,,,,,,
Jorgenson,JS,2021-08-26,114,0,54,15,U4,R,,,,,,,,,,,,,
Jorgenson,JS,2021-08-26,115,0,53,12,M2,LC,,,,,,,,,,,,,
Jorgenson,JS,2021-08-26,116,0,56,12,M2,LC,,,,,,,,,,,,,
Jorgenson,JS,2021-08-26,117,0,58,12,M2,LC,,,,,,,,,,,,,
Jorgenson,JS,2021-08-26,118,0,59,10,U4,LC,,,,,,,,,,,,,
Jorgenson,JS,2021-08-26,119,0,58,12,U4,LC,,,,,,,,,,,,,
Jorgenson,JS,2021-08-26,120,0,60,8,U4,LC,,,,,,,,,,,,,
Jorgenson,JS,2021-08-26,121,0,59,10,U4,R,,,,,,,,,,,,,
Jorgenson,JS,2021-08-26,122,0,56,8,U4,R,,,,,,,,,,,,,
Jorgenson,JS,2021-08-26,123,0,48,12,U4,R,,,,,,,,,,,,,
Jorgenson,JS,2021-08-26,124,0,51,12,U4,R,,,,,,,,,,,,,
Jorgenson,JS,2021-08-26,125,0,52,18,U4,R,,,,,,,,,,,,,
Jorgenson,JS,2021-08-26,126,0,50,15,U4,T ,,,,,,,,,,,,,
Jorgenson,JS,2021-08-26,127,0,51,12,U4,R,,,,,,,,,,,,,
Jorgenson,JS,2021-08-26,128,0,60,2,U3,R,,,,,,,,,,,,,
Jorgenson,JS,2021-08-26,129,0,45,12,U4,R,,,,,,,,,,,,,
Jorgenson,JS,2021-08-26,130,0,54,12,U4,R,,,,,,,,,,,,,
Jorgenson,JS,2021-08-26,131,0,54,9,U4,R,,,,,,,,,,,,,
Jorgenson,JS,2021-08-26,132,0,57,10,M2,LC,,,,,,,,,,,,,
Jorgenson,JS,2021-08-26,133,0,56,17,M2,LC,,,,,,,,,,,,,
Jorgenson,JS,2021-08-26,134,0,55,12,M2,LC,,,,,,,,,,,,,
Jorgenson,JS,2021-08-26,135,0,60,12,U4,R,,,,,,,,,,,,,
Jorgenson,JS,2021-08-26,136,0,52,15,U4,R,,,,,,,,,,,,,
Jorgenson,JS,2021-08-26,137,0,50,23,U4,R,,,,,,,,,,,,,
Jorgenson,JS,2021-08-26,138,0,50,18,U4,T ,,,,,,,,,,,,,
Jorgenson,JS,2021-08-26,139,0,55,17,U4,R,,,,,,,,,,,,,
Jorgenson,JS,2021-08-26,140,0,51,15,U4,FC,,,,,,,,,,,,,
Jorgenson,JS,2021-08-26,141,0,54,12,U4,FC,,,,,,,,,,,,,
Jorgenson,JS,2021-08-26,142,0,54,12,U4,FC,,,,,,,,,,,,,
Jorgenson,JS,2021-08-26,143,0,58,15,U4,FC,,,,,,,,,,,,,
Jorgenson,JS,2021-08-26,144,0,81,15,U4,FC,,,,,,,,,,,,,
Jorgenson,JS,2021-08-26,145,55,49,65,E1,T ,,,,,,,,,,,,,
Jorgenson,JS,2021-08-26,146,63,52,75,E1,T ,,,,,,,,,,,,,
Jorgenson,JS,2021-08-26,147,59,51,0,W,T ,,,,,,,,,,,,,
Jorgenson,JS,2021-08-26,148,5,79,35,E1,T ,,,,,,,,,,,,,
Jorgenson,JS,2021-08-26,149,0,62,15,U4,FC,,,,,,,,,,,,,
Jorgenson,JS,2021-08-26,150,0,56,15,U4,FC,,,,,,,,,,,,,
Jorgenson,JS,2021-08-26,151,0,56,4,U3,FC,,,,,,,,,,,,,
Jorgenson,JS,2021-08-26,152,0,57,10,U4,FC,,,,,,,,,,,,,
Jorgenson,JS,2021-08-26,153,0,57,12,U4,FC,,,,,,,,,,,,,
Jorgenson,JS,2021-08-26,154,0,59,12,U4,FC,,,,,,,,,,,,,
Jorgenson,JS,2021-08-26,155,0,56,11,U4,FC,,,,,,,,,,,,,
Jorgenson,JS,2021-08-26,156,0,57,13,U4,FC,,,,,,,,,,,,,
Jorgenson,JS,2021-08-26,157,0,57,12,U4,FC,,,,,,,,,,,,,
Jorgenson,JS,2021-08-26,158,0,61,10,U4,FC,,,,,,,,,,,,,
Jorgenson,JS,2021-08-26,159,0,60,15,U4,FC,,,,,,,,,,,,,
Jorgenson,JS,2021-08-26,160,0,60,10,U4,FC,,,,,,,,,,,,,
Jorgenson,JS,2021-08-26,161,0,59,13,U4,FC,,,,,,,,,,,,,
Jorgenson,JS,2021-08-26,162,0,57,10,U4,FC,,,,,,,,,,,,,
Jorgenson,JS,2021-08-26,163,0,60,13,U4,FC,,,,,,,,,,,,,
Jorgenson,JS,2021-08-26,164,0,68,15,U4,FC,,,,,,,,,,,,,
Jorgenson,JS,2021-08-26,165,7,58,39,E1,T ,,,,,,,,,,,,,
Jorgenson,JS,2021-08-26,166,5,58,30,E1,T ,,,,,,,,,,,,,
Jorgenson,JS,2021-08-26,167,8,55,29,E1,T ,,,,,,,,,,,,,
Jorgenson,JS,2021-08-26,168,10,56,40,E1,T ,,,,,,,,,,,,,
Jorgenson,JS,2021-08-26,169,12,55,36,E1,T ,,,,,,,,,,,,,
Jorgenson,JS,2021-08-26,170,12,48,40,E1,T ,,,,,,,,,,,,,
Jorgenson,JS,2021-08-26,171,0,63,12,U4,FC,,,,,,,,,,,,,
Jorgenson,JS,2021-08-26,172,0,54,10,U4,FC,,,,,,,,,,,,,
Jorgenson,JS,2021-08-26,173,0,56,12,U4,FC,,,,,,,,,,,,,
Jorgenson,JS,2021-08-26,174,0,56,10,U4,FC,,,,,,,,,,,,,
Jorgenson,JS,2021-08-26,175,0,55,12,U4,FC,,,,,,,,,,,,,
Jorgenson,JS,2021-08-26,176,0,55,7,U4,FC,,,,,,,,,,,,,
Jorgenson,JS,2021-08-26,177,0,54,9,U4,FC,,,,,,,,,,,,,
Jorgenson,JS,2021-08-26,178,0,54,7,U4,FC,,,,,,,,,,,,,
Jorgenson,JS,2021-08-26,179,0,54,12,U4,FC,,,,,,,,,,,,,
Jorgenson,JS,2021-08-26,180,0,56,10,M2,FC,,,,,,,,,,,,,
Jorgenson,JS,2021-08-26,181,0,57,12,U4,FC,,,,,,,,,,,,,
Jorgenson,JS,2021-08-26,182,0,59,12,U4,FC,,,,,,,,,,,,,
Jorgenson,JS,2021-08-26,183,0,60,12,M2,FC,,,,,,,,,,,,,
Jorgenson,JS,2021-08-26,184,0,62,20,M2,T ,,,,,,,,,,,,,
Jorgenson,JS,2021-08-26,185,36,55,50,E1,P,,,,,,,,,,,,,
Jorgenson,JS,2021-08-26,186,51,54,15,SCOSCO,P,,,,,,,,,,,,,
Jorgenson,JS,2021-08-26,187,47,51,15,SCOSCO,P,,,,,,,,,,,,,
Jorgenson,JS,2021-08-26,188,19,56,45,E1,P,,,,,,,,,,,,,
Jorgenson,JS,2021-08-26,189,0,57,12,M2,R,,,,,,,,,,,,,
Jorgenson,JS,2021-08-26,190,0,53,12,U4,R,,,,,,,,,,,,,
Jorgenson,JS,2021-08-26,191,0,55,12,U4,LC,,,,,,,,,,,,,
Jorgenson,JS,2021-08-26,192,0,56,12,U4,LC,,,,,,,,,,,,,
Jorgenson,JS,2021-08-26,193,0,61,7,M2,LC,,,,,,,,,,,,,
Jorgenson,JS,2021-08-26,194,0,61,10,M2,LC,,,,,,,,,,,,,
Jorgenson,JS,2021-08-26,195,0,60,12,M2,LC,,,,,,,,,,,,,
Jorgenson,JS,2021-08-26,196,0,55,14,U4,LC,,,,,,,,,,,,,
Jorgenson,JS,2021-08-26,197,0,56,12,U4,R,,,,,,,,,,,,,
Jorgenson,JS,2021-08-26,198,0,56,10,U4,R,,,,,,,,,,,,,
Jorgenson,JS,2021-08-26,199,0,56,15,U4,R,,,,,,,,,,,,,
Jorgenson,JS,2021-08-26,200,0,58,15,U4,R,,,,,,,,,,,,,
Jorgenson,JS,2021-08-26,201,0,52,14,U4,R,,,,,,,,,,,,,
Jorgenson,JS,2021-08-26,202,0,57,8,U4,FC,,,,,,,,,,,,,
Jorgenson,JS,2021-08-26,203,0,50,10,U4,R,,,,,,,,,,,,,
Jorgenson,JS,2021-08-26,204,0,54,10,U4,R,,,,,,,,,,,,,
Jorgenson,JS,2021-08-26,205,0,56,13,U4,R,,,,,,,,,,,,,
Jorgenson,JS,2021-08-26,206,0,53,10,U4,R,,,,,,,,,,,,,
Jorgenson,JS,2021-08-26,207,0,55,15,U4,R,,,,,,,,,,,,,
Jorgenson,JS,2021-08-26,208,0,55,15,M2,R,,,,,,,,,,,,,
Jorgenson,JS,2021-08-26,209,0,58,12,M2,FC,,,,,,,,,,,,,
Jorgenson,JS,2021-08-26,210,0,60,12,U4,FC,,,,,,,,,,,,,
Jorgenson,JS,2021-08-26,211,0,51,12,U4,FC,,,,,,,,,,,,,
Jorgenson,JS,2021-08-26,212,0,48,12,U4,R,,,,,,,,,,,,,
Jorgenson,JS,2021-08-26,213,0,47,12,U4,R,,,,,,,,,,,,,
Jorgenson,JS,2021-08-26,214,0,57,10,U3,R,,,,,,,,,,,,,
Jorgenson,JS,2021-08-26,215,0,55,16,U4,R,,,,,,,,,,,,,
Jorgenson,JS,2021-08-26,216,8,56,15,E1,T ,,,,,,,,,,,,,
Jorgenson,JS,2021-08-26,217,20,63,15,E1,T ,,,,,,,,,,,,,
Jorgenson,JS,2021-08-26,218,40,53,50,HIPVUL,T ,,,,,,,,,,,,,
Jorgenson,JS,2021-08-26,219,33,54,15,E1,T ,,,,,,,,,,,,,
Jorgenson,JS,2021-08-26,220,0,68,10,U4,R,,,,,,,,,,,,,
Jorgenson,JS,2021-08-26,221,0,54,7,U4,R,,,,,,,,,,,,,
Jorgenson,JS,2021-08-26,222,0,51,5,U4,R,,,,,,,,,,,,,
Jorgenson,JS,2021-08-26,223,0,48,13,U4,FC,,,,,,,,,,,,,
Jorgenson,JS,2021-08-26,224,0,52,5,U4,FC,,,,,,,,,,,,,
Jorgenson,JS,2021-08-26,225,0,50,8,U4,FC,,,,,,,,,,,,,
Jorgenson,JS,2021-08-26,226,0,52,8,U4,FC,,,,,,,,,,,,,
Jorgenson,JS,2021-08-26,227,0,54,7,M2,FC,,,,,,,,,,,,,
Jorgenson,JS,2021-08-26,228,0,51,8,M2,FC,,,,,,,,,,,,,
Jorgenson,JS,2021-08-26,229,0,54,6,U4,FC,,,,,,,,,,,,,
Jorgenson,JS,2021-08-26,230,0,49,12,M2,T ,,,,,,,,,,,,,
Jorgenson,JS,2021-08-26,231,0,53,18,M2,T ,,,,,,,,,,,,,
Jorgenson,JS,2021-08-26,232,0,54,10,M2,T ,,,,,,,,,,,,,
Jorgenson,JS,2021-08-26,233,5,47,16,M2,T ,,,,,,,,,,,,,
Jorgenson,JS,2021-08-26,234,0,55,12,M2,FC,,,,,,,,,,,,,
Jorgenson,JS,2021-08-26,235,0,55,15,M2,FC,,,,,,,,,,,,,
Jorgenson,JS,2021-08-26,236,0,57,10,M2,FC,,,,,,,,,,,,,
Jorgenson,JS,2021-08-26,237,0,58,11,M2,FC,,,,,,,,,,,,,
Jorgenson,JS,2021-08-26,238,0,51,12,M2,FC,,,,,,,,,,,,,
Jorgenson,JS,2021-08-26,239,0,60,12,M2,FC,,,,,,,,,,,,,
Jorgenson,JS,2021-08-26,240,0,56,15,M2,FC,,,,,,,,,,,,,
Jorgenson,JS,2021-08-26,241,0,56,12,M2,FC,,,,,,,,,,,,,
Jorgenson,JS,2021-08-26,242,0,54,10,M2,FC,,,,,,,,,,,,,
Jorgenson,JS,2021-08-26,243,0,55,10,M2,FC,,,,,,,,,,,,,
Jorgenson,JS,2021-08-26,244,0,55,12,M2,R,,,,,,,,,,,,,
Jorgenson,JS,2021-08-26,245,17,60,44,E1,T ,,,,,,,,,,,,,
Jorgenson,JS,2021-08-26,246,57,53,64,E1,T ,,,,,,,,,,,,,
Jorgenson,JS,2021-08-26,247,57,54,70,E1,T ,,,,,,,,,,,,,
Jorgenson,JS,2021-08-26,248,38,56,63,E1,T ,,,,,,,,,,,,,
Jorgenson,JS,2021-08-26,249,23,51,35,E1,T ,,,,,,,,,,,,,
Jorgenson,JS,2021-08-26,250,9,46,12,E1,T ,,,,,,,,,,,,,
