Study Site,Transect,Sample Date,Distance from road (m),Water depth (cm),Thaw depth (cm),Vegetation Height (cm),Vegetation Type,Microrelief Type
Colleen,T1,8/24/2021,0,0,110,20,B,RB
Colleen,T1,8/24/2021,1,0,110,10,"Caaq,Salova",RB
Colleen,T1,8/24/2021,2,0,100,12,Trench berm,RB
Colleen,T1,8/24/2021,3,0,72,10,U4d,RB
Colleen,T1,8/24/2021,4,0,60,14,U4d,FC
Colleen,T1,8/24/2021,5,0,61,15,U4d,R
Colleen,T1,8/24/2021,6,0,63,13,U4d,LC
Colleen,T1,8/24/2021,7,0,66,10,U4d,R
Colleen,T1,8/24/2021,8,0,58,13,M2d,T
Colleen,T1,8/24/2021,9,0,67,12,U4d,R
Colleen,T1,8/24/2021,10,0,68,15,U4d,R
Colleen,T1,8/24/2021,11,0,67,15,U4d,R
Colleen,T1,8/24/2021,12,0,73,14,U4d,R
Colleen,T1,8/24/2021,13,0,68,12,M2d,LC
Colleen,T1,8/24/2021,14,0,68,12,M2d,LC
Colleen,T1,8/24/2021,15,0,68,10,M2d,LC
Colleen,T1,8/24/2021,16,0,69,14,M2d,LC
Colleen,T1,8/24/2021,17,0,69,10,M2d,LC
Colleen,T1,8/24/2021,18,0,69,10,M2d,LC
Colleen,T1,8/24/2021,19,0,67,13,M2d,LC
Colleen,T1,8/24/2021,20,0,67,15,M2d,LC
Colleen,T1,8/24/2021,21,0,66,13,U4d,LC
Colleen,T1,8/24/2021,22,0,61,10,U4d,LC
Colleen,T1,8/24/2021,23,0,65,12,U4d,R
Colleen,T1,8/24/2021,24,0,68,15,U4d,R
Colleen,T1,8/24/2021,25,0,62,30,E1d,T
Colleen,T1,8/24/2021,26,0,52,16,E1d,T
Colleen,T1,8/24/2021,27,0,59,35,E1d,T
Colleen,T1,8/24/2021,28,0,50,28,E1d,T
Colleen,T1,8/24/2021,29,0,47,30,E1d,T
Colleen,T1,8/24/2021,30,0,47,17,E1d,T
Colleen,T1,8/24/2021,31,0,47,22,M2d,R
Colleen,T1,8/24/2021,32,0,65,16,U4d,R
Colleen,T1,8/24/2021,33,0,62,16,U4d,R
Colleen,T1,8/24/2021,34,0,61,14,U4d,R
Colleen,T1,8/24/2021,35,0,61,5,U4d,R
Colleen,T1,8/24/2021,36,0,46,18,U4d,T
Colleen,T1,8/24/2021,37,0,46,16,E1d,T
Colleen,T1,8/24/2021,38,0,47,30,E1d,T
Colleen,T1,8/24/2021,39,0,32,0,E1d,T
Colleen,T1,8/24/2021,40,0,54,23,E1d,T
Colleen,T1,8/24/2021,41,0,54,20,U4d,R
Colleen,T1,8/24/2021,42,0,51,13,U3d,R
Colleen,T1,8/24/2021,43,0,51,10,M2d,LC
Colleen,T1,8/24/2021,44,0,50,15,M2d,LC
Colleen,T1,8/24/2021,45,0,52,15,M2d,LC
Colleen,T1,8/24/2021,46,0,57,14,U4d,R
Colleen,T1,8/24/2021,47,0,48,10,M2d,T
Colleen,T1,8/24/2021,48,0,47,17,M2d,T
Colleen,T1,8/24/2021,49,0,49,16,M2d,T
Colleen,T1,8/24/2021,50,0,52,15,M2d,T
Colleen,T1,8/24/2021,51,0,50,16,U4d,T
Colleen,T1,8/24/2021,52,0,57,13,U4d,R
Colleen,T1,8/24/2021,53,0,55,14,M2d,LC
Colleen,T1,8/24/2021,54,0,57,12,M2d,LC
Colleen,T1,8/24/2021,55,0,58,15,M2d,LC
Colleen,T1,8/24/2021,56,0,60,10,M2d,LC
Colleen,T1,8/24/2021,57,0,59,14,U4d,R
Colleen,T1,8/24/2021,58,0,54,7,U4d,T
Colleen,T1,8/24/2021,59,0,46,14,M2d,T
Colleen,T1,8/24/2021,60,0,56,8,U3d,R
Colleen,T1,8/24/2021,61,0,54,10,M2d,LC
Colleen,T1,8/24/2021,62,0,54,13,M2d,LC
Colleen,T1,8/24/2021,63,0,60,13,U4d,LC
Colleen,T1,8/24/2021,64,0,60,10,M2d,LC
Colleen,T1,8/24/2021,65,0,59,12,M2d,LC
Colleen,T1,8/24/2021,66,0,53,9,M2d,LC
Colleen,T1,8/24/2021,67,0,51,11,M2d,LC
Colleen,T1,8/24/2021,68,0,50,11,M2d,LC
Colleen,T1,8/24/2021,69,0,49,12,U4d,R
Colleen,T1,8/24/2021,70,0,48,15,U4d,R
Colleen,T1,8/24/2021,71,12,55,40,E1d,P
Colleen,T1,8/24/2021,72,40,60,0,E1d,P
Colleen,T1,8/24/2021,73,49,59,0,W1,P
Colleen,T1,8/24/2021,74,70,66,0,W1,P
Colleen,T1,8/24/2021,75,53,67,15,W1,P
Colleen,T1,8/24/2021,76,60,57,0,W1,P
Colleen,T1,8/24/2021,77,38,56,0,E1d,P
Colleen,T1,8/24/2021,78,0,59,16,M2d,FC
Colleen,T1,8/24/2021,79,0,45,14,U4d,FC
Colleen,T1,8/24/2021,80,0,51,15,U4d,FC
Colleen,T1,8/24/2021,81,0,52,16,U4d,FC
Colleen,T1,8/24/2021,82,0,55,10,U4d,FC
Colleen,T1,8/24/2021,83,0,48,13,U4d,FC
Colleen,T1,8/24/2021,84,0,51,13,U4d,FC
Colleen,T1,8/24/2021,85,0,47,12,U4d,FB
Colleen,T1,8/24/2021,86,0,43,12,U3d,R
Colleen,T1,8/24/2021,87,0,42,12,U3d,FC
Colleen,T1,8/24/2021,88,0,44,12,U3d,FC
Colleen,T1,8/24/2021,89,0,48,5,U3d,FC
Colleen,T1,8/24/2021,90,0,54,10,U3d,R
Colleen,T1,8/24/2021,91,0,59,2,U3d,R
Colleen,T1,8/24/2021,92,0,60,12,U3d,R
Colleen,T1,8/24/2021,93,9,57,35,E1d,T
Colleen,T1,8/24/2021,94,17,49,30,E1d,T
Colleen,T1,8/24/2021,95,25,46,35,E1d,T
Colleen,T1,8/24/2021,96,30,40,35,E1d,T
Colleen,T1,8/24/2021,97,16,47,45,U4d,R
Colleen,T1,8/24/2021,98,0,62,12,E1,T
Colleen,T1,8/24/2021,99,0,55,14,U4d,LC
Colleen,T1,8/24/2021,100,0,49,13,U4d,LC
Colleen,T1,8/24/2021,105,0,60,16,U3d,R
Colleen,T1,8/24/2021,110,0,52,11,U4d,R
Colleen,T1,8/24/2021,115,0,53,12,U4d,R
Colleen,T1,8/24/2021,120,0,50,4,U3d,R
Colleen,T1,8/24/2021,125,0,66,2,U3d,R
Colleen,T1,8/24/2021,130,0,52,14,M2d,LC
Colleen,T1,8/24/2021,135,0,57,17,M2d,LC
Colleen,T1,8/24/2021,140,1,56,22,M2d,T
Colleen,T1,8/24/2021,145,0,46,10,U4d,R
Colleen,T1,8/24/2021,150,0,56,10,U4d,R
Colleen,T1,8/24/2021,155,0,48,15,U4d,R
Colleen,T1,8/24/2021,160,0,53,20,M2d,T
Colleen,T1,8/24/2021,165,27,54,42,E1d,T
Colleen,T1,8/24/2021,170,0,40,12,U4d,LC
Colleen,T1,8/24/2021,175,0,58,12,M2d,FC
Colleen,T1,8/24/2021,180,0,55,20,E1d,P
Colleen,T1,8/24/2021,185,6,53,15,M2d,LC
Colleen,T1,8/24/2021,190,0,52,13,M2d,LC
Colleen,T1,8/24/2021,195,0,48,15,U4d,R
Colleen,T1,8/24/2021,200,7,53,24,E1d,T
Colleen,T2,8/24/2021,0,0,125,0,B,RB
Colleen,T2,8/24/2021,1,0,118,1,PUCPHR,RB
Colleen,T2,8/24/2021,2,0,103,1,B,RB
Colleen,T2,8/24/2021,3,0,90,12,CARAQU,RB
Colleen,T2,8/24/2021,4,0,82,10,CARAQU,HC
Colleen,T2,8/24/2021,5,0,74,15,M2d,HC
Colleen,T2,8/24/2021,6,0,75,13,M2d,HC
Colleen,T2,8/24/2021,7,8,60,16,M2d,T
Colleen,T2,8/24/2021,8,0,68,18,M2d,HC
Colleen,T2,8/24/2021,9,0,63,20,M2d,HC
Colleen,T2,8/24/2021,10,0,67,18,M2d,HC
Colleen,T2,8/24/2021,11,0,65,14,M2d,HC
Colleen,T2,8/24/2021,12,0,58,20,M2d,HC
Colleen,T2,8/24/2021,13,0,59,15,M2d,HC
Colleen,T2,8/24/2021,14,0,64,25,E1D,HC
Colleen,T2,8/24/2021,15,18,70,34,E1d,T
Colleen,T2,8/24/2021,16,50,70,0,E1d,T
Colleen,T2,8/24/2021,17,75,53,20,HIPVUL,T
Colleen,T2,8/24/2021,18,50,70,10,W,T
Colleen,T2,8/24/2021,19,30,68,37,E1d,T
Colleen,T2,8/24/2021,20,5,63,22,HIPVUL,T
Colleen,T2,8/24/2021,21,8,67,25,E1d,T
Colleen,T2,8/24/2021,22,0,62,15,M2d,HC
Colleen,T2,8/24/2021,23,0,62,15,M2d,HC
Colleen,T2,8/24/2021,24,0,60,13,M2d,HC
Colleen,T2,8/24/2021,25,0,63,15,M2d,HC
Colleen,T2,8/24/2021,26,0,60,10,M2d,HC
Colleen,T2,8/24/2021,27,0,61,12,M2d,HC
Colleen,T2,8/24/2021,28,0,63,15,M2d,HC
Colleen,T2,8/24/2021,29,0,63,14,M2d,HC
Colleen,T2,8/24/2021,30,0,61,15,M2d,HC
Colleen,T2,8/24/2021,31,0,61,12,M2d,HC
Colleen,T2,8/24/2021,32,0,39,15,M2d,HC
Colleen,T2,8/24/2021,33,0,61,14,M2d,HC
Colleen,T2,8/24/2021,34,0,62,17,M2d,HC
Colleen,T2,8/24/2021,35,10,64,35,E1d,T
Colleen,T2,8/24/2021,36,38,50,47,E1d,T
Colleen,T2,8/24/2021,37,28,59,20,CALGIG,T
Colleen,T2,8/24/2021,38,24,57,40,E1d,T
Colleen,T2,8/24/2021,39,18,56,34,E1d,T
Colleen,T2,8/24/2021,40,20,53,34,E1d,T
Colleen,T2,8/24/2021,41,16,57,35,E1d,T
Colleen,T2,8/24/2021,42,6,52,33,E1d,T
Colleen,T2,8/24/2021,43,3,49,50,E1d,T
Colleen,T2,8/24/2021,44,45,48,15,CALGIG,T
Colleen,T2,8/24/2021,45,48,40,10,HIPVUL,T
Colleen,T2,8/24/2021,46,44,42,15,HIPVUL,T
Colleen,T2,8/24/2021,47,45,36,23,CALGIG,T
Colleen,T2,8/24/2021,48,35,50,15,HIPVUL,T
Colleen,T2,8/24/2021,49,20,63,36,E1d,T
Colleen,T2,8/24/2021,50,0,54,30,E1d,T
Colleen,T2,8/24/2021,51,0,51,18,U4d,R
Colleen,T2,8/24/2021,52,0,57,15,U4d,R
Colleen,T2,8/24/2021,53,0,62,16,U4d,R
Colleen,T2,8/24/2021,54,0,59,20,U4d,R
Colleen,T2,8/24/2021,55,0,58,15,U4d,R
Colleen,T2,8/24/2021,56,0,58,15,U4d,R
Colleen,T2,8/24/2021,57,0,51,14,M2d,R
Colleen,T2,8/24/2021,58,0,56,12,M2d,T
Colleen,T2,8/24/2021,59,0,59,12,M2d,T
Colleen,T2,8/24/2021,60,0,58,20,M2d,HC
Colleen,T2,8/24/2021,61,0,58,15,M2d,HC
Colleen,T2,8/24/2021,62,0,55,12,M2d,HC
Colleen,T2,8/24/2021,63,0,53,14,U4d,HC
Colleen,T2,8/24/2021,64,0,50,15,U4d,HC
Colleen,T2,8/24/2021,65,0,46,12,U4d,HC
Colleen,T2,8/24/2021,66,0,46,14,U4d,HC
Colleen,T2,8/24/2021,67,0,55,12,U4d,HC
Colleen,T2,8/24/2021,68,0,66,20,U4d,T
Colleen,T2,8/24/2021,69,10,53,30,E1d,P
Colleen,T2,8/24/2021,70,11,55,25,E1d,P
Colleen,T2,8/24/2021,71,5,60,13,HIPVUL,P
Colleen,T2,8/24/2021,72,0,61,14,U4d,HC
Colleen,T2,8/24/2021,73,0,56,20,U4d,P
Colleen,T2,8/24/2021,74,0,52,17,U4d,HC
Colleen,T2,8/24/2021,75,0,54,15,U4d,HC
Colleen,T2,8/24/2021,76,0,49,14,U4d,HC
Colleen,T2,8/24/2021,77,0,48,15,U4d,HC
Colleen,T2,8/24/2021,78,0,48,10,U4d,HC
Colleen,T2,8/24/2021,79,0,50,10,U4d,HC
Colleen,T2,8/24/2021,80,0,50,11,U4d,HC
Colleen,T2,8/24/2021,81,0,47,10,U4d,HC
Colleen,T2,8/24/2021,82,0,56,9,U4d,HC
Colleen,T2,8/24/2021,83,3,72,0,B,P
Colleen,T2,8/24/2021,84,15,90,2,RANHYP,P
Colleen,T2,8/24/2021,85,54,55,29,CALGIG,P
Colleen,T2,8/24/2021,86,58,48,30,CALIGIG,P
Colleen,T2,8/24/2021,87,80,20,20,CALIGIG,P
Colleen,T2,8/24/2021,88,62,38,40,CALIGIG,P
Colleen,T2,8/24/2021,89,50,48,25,CALIGIG,P
Colleen,T2,8/24/2021,90,37,63,22,CALGIG-RANHYP,P
Colleen,T2,8/24/2021,91,34,60,24,HIPVUL-RANHYP,P
Colleen,T2,8/24/2021,92,8,77,15,RANHYP-HIPVUL-CALGIG,P
Colleen,T2,8/24/2021,93,22,79,15,Eid,P
Colleen,T2,8/24/2021,94,0,74,11,M2d,T
Colleen,T2,8/24/2021,95,0,52,5,U4d,HC
Colleen,T2,8/24/2021,96,0,53,15,U4d,HC
Colleen,T2,8/24/2021,97,0,60,14,U4d,HC
Colleen,T2,8/24/2021,98,0,59,12,U4d,HC
Colleen,T2,8/24/2021,99,0,68,13,U4d,HC
Colleen,T2,8/24/2021,100,0,56,14,U4d,HC
Colleen,T2,8/24/2021,105,0,64,15,B,F
Colleen,T2,8/24/2021,110,0,68,10,B,F
Colleen,T2,8/24/2021,115,21,44,15,M4d,T
Colleen,T2,8/24/2021,120,0,69,17,M2d,FB
Colleen,T2,8/24/2021,125,0,77,24,M2d,FB
Colleen,T2,8/24/2021,130,0,55,13,M2d,HC
Colleen,T2,8/24/2021,135,23,53,20,SCOSCO,P
Colleen,T2,8/24/2021,140,0,53,11,U4d,HC
Colleen,T2,8/24/2021,145,0,51,20,M2d,HC
Colleen,T2,8/24/2021,150,0,56,13,M2d,HC
Colleen,T2,8/24/2021,155,0,55,18,U4d,HC
Colleen,T2,8/24/2021,160,0,58,14,M2d,HC
Colleen,T2,8/24/2021,165,0,60,12,M3d,HC
Colleen,T2,8/24/2021,170,30,58,0,B,T
Colleen,T2,8/24/2021,175,0,53,18,U4d,HC
Colleen,T2,8/24/2021,180,0,46,14,U4d,HC
Colleen,T2,8/24/2021,185,0,55,13,E1d,T
Colleen,T2,8/24/2021,190,0,57,15,U4d,HC
Colleen,T2,8/24/2021,195,2,55,20,E1d,T
Colleen,T2,8/24/2021,200,0,50,18,U4d,HC
Airport,T3,8/24/2021,0,Road berm,Road berm,Road berm,gravel,RB
Airport,T3,8/24/2021,1,Road berm,Road berm,Road berm,gravel,RB
Airport,T3,8/24/2021,2,Road berm,Road berm,Road berm,gravel,RB
Airport,T3,8/24/2021,3,Road berm,Road berm,Road berm,gravel,RB
Airport,T3,8/24/2021,4,Road berm,Road berm,Road berm,gravel,RB
Airport,T3,8/24/2021,5,0,65,0,gravel,HC
Airport,T3,8/24/2021,6,0,69,1,Bare,R
Airport,T3,8/24/2021,7,o,51,18,Bare,R
Airport,T3,8/24/2021,8,9,55,25,E1d,T
Airport,T3,8/24/2021,9,0,54,28,E1d,T
Airport,T3,8/24/2021,10,0,66,1,B16,R
Airport,T3,8/24/2021,11,0,64,0,Bare,HC
Airport,T3,8/24/2021,12,0,58,0,Bare,R
Airport,T3,8/24/2021,13,0,60,1,SALOVA/SALRIC,HC
Airport,T3,8/24/2021,14,0,63,1,Bare,HC
Airport,T3,8/24/2021,15,0,63,1,SALOVA,HC
Airport,T3,8/24/2021,16,0,62,1,SALOVA,"T, edge"
Airport,T3,8/24/2021,17,0,53,0,Bare,T
Airport,T3,8/24/2021,18,0,65,0,B17,R
Airport,T3,8/24/2021,19,0,65,4,B17,R
Airport,T3,8/24/2021,20,0,63,2,B17,HC
Airport,T3,8/24/2021,21,0,62,5,B17,"HC, deep cracks"
Airport,T3,8/24/2021,22,0,61,1,B17,HC
Airport,T3,8/24/2021,23,0,60,3,B17,HC
Airport,T3,8/24/2021,24,0,61,4,B17,HC
Airport,T3,8/24/2021,25,0,60,4,B17,HC
Airport,T3,8/24/2021,26,0,54,1,B17,HC
Airport,T3,8/24/2021,27,0,58,1,B17,R
Airport,T3,8/24/2021,28,0,55,1,B17,"HC, incipient T"
Airport,T3,8/24/2021,29,0,60,2,B17,"HC, deep cracks"
Airport,T3,8/24/2021,30,0,59,1,B17,HC
Airport,T3,8/24/2021,31,0,49,1,Bare,HC
Airport,T3,8/24/2021,32,0,63,0,Bare,HC
Airport,T3,8/24/2021,33,0,71,0,Bare,HC
Airport,T3,8/24/2021,34,0,40,35,Willows,T
Airport,T3,8/24/2021,35,0,63,1,Bare,HC
Airport,T3,8/24/2021,36,0,54,2,FESBRA,HC
Airport,T3,8/24/2021,37,0,60,1,Lichens THASUB,"HC, deep cracks"
Airport,T3,8/24/2021,38,0,54,0,Bare,"HC, deep cracks"
Airport,T3,8/24/2021,39,0,60,0,Bare,"HC, deep cracks"
Airport,T3,8/24/2021,40,0,59,0,Bare,"HC, collapsing into T"
Airport,T3,8/24/2021,41,0,58,2,B17,"HC, deep cracks"
Airport,T3,8/24/2021,42,0,55,1,B17,HC
Airport,T3,8/24/2021,43,0,54,2,B17,HC
Airport,T3,8/24/2021,44,0,58,1,B17,HC
Airport,T3,8/24/2021,45,0,68,1,B17,HC
Airport,T3,8/24/2021,46,0,58,0,B17,"HC, collapsed tundra, mostly SAXOPP"
Airport,T3,8/24/2021,47,0,85,0,Bare,R
Airport,T3,8/24/2021,48,0,55,30,E1d,"T, edge"
Airport,T3,8/24/2021,49,0,61,25,E1d,T
Airport,T3,8/24/2021,50,0,70,25,M2d,"T, collapsed R"
Airport,T3,8/24/2021,51,0,70,15,B17,R
Airport,T3,8/24/2021,52,0,57,3,B17,R
Airport,T3,8/24/2021,53,0,57,8,M2d,HC
Airport,T3,8/24/2021,54,0,59,0,M2d,HC
Airport,T3,8/24/2021,55,0,60,10,M2d,HC
Airport,T3,8/24/2021,56,0,62,10,M2d,HC
Airport,T3,8/24/2021,57,0,62,12,M2d,HC
Airport,T3,8/24/2021,58,0,62,5,M2d,HC
Airport,T3,8/24/2021,59,0,61,4,M2d,HC
Airport,T3,8/24/2021,60,0,66,0,M2d,R
Airport,T3,8/24/2021,61,0,61,4,B17,R
Airport,T3,8/24/2021,62,0,59,7,B17,R
Airport,T3,8/24/2021,63,0,59,8,B17,R
Airport,T3,8/24/2021,64,0,57,2,B17,R
Airport,T3,8/24/2021,65,0,52,2,Bare,R
Airport,T3,8/24/2021,66,0,48,0,B17,R
Airport,T3,8/24/2021,67,0,63,1,B17,R
Airport,T3,8/24/2021,68,0,68,4,B17,"T, collapsed R"
Airport,T3,8/24/2021,69,0,54,25,E1d,T
Airport,T3,8/24/2021,70,5,53,30,E1d,T
Airport,T3,8/24/2021,71,0,53,24,M2d,"T, collapsed R"
Airport,T3,8/24/2021,72,0,86,8,B17,R
Airport,T3,8/24/2021,73,0,57,0,Bare,R
Airport,T3,8/24/2021,74,0,59,3,B17,HC
Airport,T3,8/24/2021,75,0,63,4,B17,HC
Airport,T3,8/24/2021,76,0,60,3,B17,HC
Airport,T3,8/24/2021,77,0,60,7,B17,HC
Airport,T3,8/24/2021,78,0,60,2,B17,HC
Airport,T3,8/24/2021,79,0,59,7,B17,HC
Airport,T3,8/24/2021,80,0,60,4,B17,HC
Airport,T3,8/24/2021,81,0,60,4,B17,HC
Airport,T3,8/24/2021,82,0,60,5,B17,HC
Airport,T3,8/24/2021,83,0,75,6,B17,R
Airport,T3,8/24/2021,84,0,63,7,B17,"T, collapsed R"
Airport,T3,8/24/2021,85,0,63,12,U17,T
Airport,T3,8/24/2021,86,0,64,14,M10d,T
Airport,T3,8/24/2021,87,0,73,0,Bare,HC
Airport,T3,8/24/2021,88,0,59,3,B17,HC
Airport,T3,8/24/2021,89,0,56,2,B17,HC
Airport,T3,8/24/2021,90,0,61,6,U17,HCr
Airport,T3,8/24/2021,91,0,60,2,B17,HCr
Airport,T3,8/24/2021,92,0,61,4,B17,HCr
Airport,T3,8/24/2021,93,0,66,1,B17,HCr
Airport,T3,8/24/2021,94,0,68,5,B17,HCr
Airport,T3,8/24/2021,95,0,72,2,B17,R
Airport,T3,8/24/2021,96,0,63,10,U17,R
Airport,T3,8/24/2021,97,0,60,8,U17,R
Airport,T3,8/24/2021,98,0,63,7,U17,R
Airport,T3,8/24/2021,99,0,64,2,U17,"R, cracks"
Airport,T3,8/24/2021,100,0,70,10,U17,HCr
Airport,T4,8/27/2021,0,9,100,37,E1d,RB
Airport,T4,8/27/2021,1,7,100,25,E1d,RB
Airport,T4,8/27/2021,2,0,73,18,U4d,R
Airport,T4,8/27/2021,3,4,67,36,U4d,R
Airport,T4,8/27/2021,4,10,64,39,M2d,FC
Airport,T4,8/27/2021,5,16,62,35,M2d,FC
Airport,T4,8/27/2021,6,17,68,50,M2d,FC
Airport,T4,8/27/2021,7,22,60,49,E1,T
Airport,T4,8/27/2021,8,23,62,53,E1,T
Airport,T4,8/27/2021,9,28,58,50,M2d,FC
Airport,T4,8/27/2021,10,13,61,45,M2d,FC
Airport,T4,8/27/2021,11,14,63,34,M2d,FC
Airport,T4,8/27/2021,12,12,66,45,M2d,FC
Airport,T4,8/27/2021,13,20,72,52,M2d,FC
Airport,T4,8/27/2021,14,35,>100,30,M2d,FC
Airport,T4,8/27/2021,15,17,108,54,E1,T
Airport,T4,8/27/2021,16,12,>100,44,M2d,FC
Airport,T4,8/27/2021,17,13,83,49,M2d,FC
Airport,T4,8/27/2021,18,17,>100,54,M2d,FC
Airport,T4,8/27/2021,19,19,100,40,M2d,FC
Airport,T4,8/27/2021,20,38,>100,43,E1,T
Airport,T4,8/27/2021,21,60,>100,0,E1,T
Airport,T4,8/27/2021,22,30,>100,58,E1,T
Airport,T4,8/27/2021,23,27,>100,64,E1,T
Airport,T4,8/27/2021,24,25,>100,52,M2d,FC
Airport,T4,8/27/2021,25,30,>100,54,M2d,FC
Airport,T4,8/27/2021,26,38,>100,53,E1,T
Airport,T4,8/27/2021,27,30,>100,50,E1,T
Airport,T4,8/27/2021,28,55,>100,70,E1,T
Airport,T4,8/27/2021,29,56,>100,75,E1,T
Airport,T4,8/27/2021,30,49,>100,66,E1,T
Airport,T4,8/27/2021,31,35,>100,59,E1,T
Airport,T4,8/27/2021,32,28,>100,66,E1,T
Airport,T4,8/27/2021,33,32,65,55,E1,T
Airport,T4,8/27/2021,34,35,83,64,E1,T
Airport,T4,8/27/2021,35,57,66,78,E1,T
Airport,T4,8/27/2021,36,68,72,0,W,T
Airport,T4,8/27/2021,37,79,66,0,W,T
Airport,T4,8/27/2021,38,86,56,0,W,T
Airport,T4,8/27/2021,39,50,80,70,E1,FC
Airport,T4,8/27/2021,40,39,52,66,E1,FC
Airport,T4,8/27/2021,41,26,59,55,E1,FC
Airport,T4,8/27/2021,42,34,53,68,E1,FC
Airport,T4,8/27/2021,43,23,59,46,E1,FC
Airport,T4,8/27/2021,44,29,64,69,E1,FC
Airport,T4,8/27/2021,45,36,52,59,E1,FC
Airport,T4,8/27/2021,46,37,60,52,E1,FC
Airport,T4,8/27/2021,47,32,55,58,E1,FC
Airport,T4,8/27/2021,48,70,48,0,E1,FC
Airport,T4,8/27/2021,49,48,65,69,W,T
Airport,T4,8/27/2021,50,31,65,55,E1,T
Airport,T4,8/27/2021,51,24,60,45,E1,FC
Airport,T4,8/27/2021,52,14,64,48,M2d,FC
Airport,T4,8/27/2021,53,10,58,52,M2d,FC
Airport,T4,8/27/2021,54,14,57,44,M2d,FC
Airport,T4,8/27/2021,55,13,53,47,M2d,FC
Airport,T4,8/27/2021,56,13,54,41,M2d,FC
Airport,T4,8/27/2021,57,8,56,47,M2d,FC
Airport,T4,8/27/2021,58,13,54,40,M2d,FC
Airport,T4,8/27/2021,59,12,55,40,M2d,FC
Airport,T4,8/27/2021,60,8,57,40,M2d,FC
Airport,T4,8/27/2021,61,10,52,94,M2d,FC
Airport,T4,8/27/2021,62,6,54,35,M2d,FC
Airport,T4,8/27/2021,63,2,52,46,M2d,FC
Airport,T4,8/27/2021,64,6,56,37,M2d,R
Airport,T4,8/27/2021,65,10,46,40,M2d,R
Airport,T4,8/27/2021,66,9,53,42,E1,T
Airport,T4,8/27/2021,67,5,53,38,U4d,R
Airport,T4,8/27/2021,68,4,56,37,M2d,FC
Airport,T4,8/27/2021,69,7,51,49,M2d,FC
Airport,T4,8/27/2021,70,10,50,29,M2d,R
Airport,T4,8/27/2021,71,14,41,44,M2d,FC
Airport,T4,8/27/2021,72,21,35,47,E1,FC
Airport,T4,8/27/2021,73,16,38,50,E1,FC
Airport,T4,8/27/2021,74,21,43,49,E1,FC
Airport,T4,8/27/2021,75,4,55,50,U4d,R
Airport,T4,8/27/2021,76,5,52,35,M2d,FC
Airport,T4,8/27/2021,77,7,50,51,M2d,FC
Airport,T4,8/27/2021,78,8,52,47,M2d,FC
Airport,T4,8/27/2021,79,10,54,53,M2d,FC
Airport,T4,8/27/2021,80,17,58,45,M2d,FC
Airport,T4,8/27/2021,81,12,70,0,gravel,FC
Airport,T4,8/27/2021,82,10,74,0,gravel,FC
Airport,T4,8/27/2021,83,10,80,0,gravel,FC
Airport,T4,8/27/2021,84,11,77,0,gravel,FC
Airport,T4,8/27/2021,85,8,77,0,gravel,FC
Airport,T4,8/27/2021,86,13,63,0,gravel,FC
Airport,T4,8/27/2021,87,12,55,54,M2d,FC
Airport,T4,8/27/2021,88,12,52,39,M2d,FC
Airport,T4,8/27/2021,89,15,47,52,M2d,FC
Airport,T4,8/27/2021,90,15,49,57,M2d,FC
Airport,T4,8/27/2021,91,4,56,43,M2d,FC
Airport,T4,8/27/2021,92,9,48,37,U4d,R
Airport,T4,8/27/2021,93,14,45,49,E1,T
Airport,T4,8/27/2021,94,13,46,44,E1,T
Airport,T4,8/27/2021,95,9,50,48,M2d,FC
Airport,T4,8/27/2021,96,10,45,39,M2d,FC
Airport,T4,8/27/2021,97,4,48,45,M2d,FC
Airport,T4,8/27/2021,98,9,47,48,M2d,FC
Airport,T4,8/27/2021,99,5,51,42,M2d,FC
Airport,T4,8/27/2021,100,9,48,48,M2d,FC
Airport,T5,8/24/2021,0,0,n.d.,0,Bare,RB
Airport,T5,8/24/2021,1,0,n.d.,0,Bare,RB
Airport,T5,8/24/2021,2,0,75,0,Bare,RB
Airport,T5,8/24/2021,3,0,n.d.,0,Bare,RB
Airport,T5,8/24/2021,4,0,n.d.,0,Bare,RB
Airport,T5,8/24/2021,5,0,n.d.,0,Bare,Trench
Airport,T5,8/24/2021,6,0,n.d.,0,Bare,Trench
Airport,T5,8/24/2021,7,0,n.d.,0,Bare,Trench
Airport,T5,8/24/2021,8,0,n.d.,0,Bare,Trench
Airport,T5,8/24/2021,9,0,118,0,Bare,Trench
Airport,T5,8/24/2021,10,0,110,0,Bare,Trench
Airport,T5,8/24/2021,11,0,100,0,Bare,Trench
Airport,T5,8/24/2021,12,0,73,0,Bare,Trench
Airport,T5,8/24/2021,13,0,74,15,Bare/E1d,Trench
Airport,T5,8/24/2021,14,0,66,15,Bare/E1d,Trench
Airport,T5,8/24/2021,15,0,73,0,Bare,Trench
Airport,T5,8/24/2021,16,0,71,0,Bare,Trench
Airport,T5,8/24/2021,17,0,63,0,Bare,Trench
Airport,T5,8/24/2021,18,0,63,0,Bare,Trench
Airport,T5,8/24/2021,19,0,70,16,ERIANG,Trench
Airport,T5,8/24/2021,20,0,72,16,ERIANG,T
Airport,T5,8/24/2021,21,14,55,45,E1d,T
Airport,T5,8/24/2021,22,15,58,45,E1d,T
Airport,T5,8/24/2021,23,20,48,45,E1d,T
Airport,T5,8/24/2021,24,26,43,45,E1d,T
Airport,T5,8/24/2021,25,22,41,45,E1d,T
Airport,T5,8/24/2021,26,0,65,25,U4d,R
Airport,T5,8/24/2021,27,0,60,15,U4d,R
Airport,T5,8/24/2021,28,16,41,28,E1d,T
Airport,T5,8/24/2021,29,0,60,18,U4d,R
Airport,T5,8/24/2021,30,0,61,15,U4d,R
Airport,T5,8/24/2021,31,0,61,14,U4d,R
Airport,T5,8/24/2021,32,0,66,15,U4d,R
Airport,T5,8/24/2021,33,0,55,12,U4d,R
Airport,T5,8/24/2021,34,0,50,12,U4d,R
Airport,T5,8/24/2021,35,0,48,15,M2d,LC
Airport,T5,8/24/2021,36,0,52,15,U4d,R
Airport,T5,8/24/2021,37,0,54,16,U4d,R
Airport,T5,8/24/2021,38,0,53,25,U4d,R
Airport,T5,8/24/2021,39,7,54,33,E1d,T
Airport,T5,8/24/2021,40,0,54,20,M2d,T
Airport,T5,8/24/2021,41,0,62,12,U4d,R
Airport,T5,8/24/2021,42,0,57,10,U4d,R
Airport,T5,8/24/2021,43,0,61,5,U4d,R
Airport,T5,8/24/2021,44,0,63,5,B3d,FB
Airport,T5,8/24/2021,45,0,64,12,M2d,FB
Airport,T5,8/24/2021,46,0,64,20,M2d,LC
Airport,T5,8/24/2021,47,0,58,19,M2d,LC
Airport,T5,8/24/2021,48,0,56,17,M2d,LC
Airport,T5,8/24/2021,49,0,53,19,U4d,R
Airport,T5,8/24/2021,50,0,50,17,M2d,R
Airport,T5,8/24/2021,51,0,51,18,M2d,T
Airport,T5,8/24/2021,52,0,46,20,M2d,T
Airport,T5,8/24/2021,53,0,51,15,M2d,LC
Airport,T5,8/24/2021,54,0,52,15,M2d,LC
Airport,T5,8/24/2021,55,0,48,16,M2d,LC
Airport,T5,8/24/2021,56,0,49,20,M2d,LC
Airport,T5,8/24/2021,57,0,51,18,M2d,LC
Airport,T5,8/24/2021,58,0,48,12,M2d,LC
Airport,T5,8/24/2021,59,0,50,17,U4d,R
Airport,T5,8/24/2021,60,0,50,12,U4d,R
Airport,T5,8/24/2021,61,0,52,14,U4d,R
Airport,T5,8/24/2021,62,0,56,20,U4d,FC
Airport,T5,8/24/2021,63,0,60,15,B3d,FB
Airport,T5,8/24/2021,64,0,62,10,B3d,FB
Airport,T5,8/24/2021,65,31,60,11,U4d,FC
Airport,T5,8/24/2021,66,42,61,12,U4d,FC
Airport,T5,8/24/2021,67,35,54,12,U4d,FC
Airport,T5,8/24/2021,68,0,51,12,U4d,FC
Airport,T5,8/24/2021,69,0,62,12,U4d,R
Airport,T5,8/24/2021,70,0,45,60,E1d,T
Airport,T5,8/24/2021,71,0,46,65,E1d,T
Airport,T5,8/24/2021,72,0,55,60,E1d,T
Airport,T5,8/24/2021,73,0,58,50,U4d,FC
Airport,T5,8/24/2021,74,0,55,14,U4d,FC
Airport,T5,8/24/2021,75,0,55,10,U4d,FC
Airport,T5,8/24/2021,76,0,55,15,U4d,FC
Airport,T5,8/24/2021,77,0,55,15,U4d,FC
Airport,T5,8/24/2021,78,0,54,15,U4d,FC
Airport,T5,8/24/2021,79,0,55,15,M2d,FC
Airport,T5,8/24/2021,80,0,55,15,M2d,FC
Airport,T5,8/24/2021,81,0,56,10,U4d,FC
Airport,T5,8/24/2021,82,0,56,15,U4d,FC
Airport,T5,8/24/2021,83,15,56,15,U4d,FC
Airport,T5,8/24/2021,84,22,48,50,E1d,T
Airport,T5,8/24/2021,85,0,44,56,E1d,T
Airport,T5,8/24/2021,86,0,61,20,U4d,FC
Airport,T5,8/24/2021,87,0,50,12,U4d,FC
Airport,T5,8/24/2021,88,0,50,12,U4d,FC
Airport,T5,8/24/2021,89,0,52,13,U4d,FC
Airport,T5,8/24/2021,90,0,49,10,U4d,FC
Airport,T5,8/24/2021,91,0,48,13,U4d,FC
Airport,T5,8/24/2021,92,0,52,15,U4d,FC
Airport,T5,8/24/2021,93,12,40,26,"E1d, SCOSCO",T
Airport,T5,8/24/2021,94,0,54,20,U4d,FC
Airport,T5,8/24/2021,95,0,47,13,U4d,FC
Airport,T5,8/24/2021,96,0,52,15,U4d,FC
Airport,T5,8/24/2021,97,0,54,16,U4d,FC
Airport,T5,8/24/2021,98,0,51,15,M2d,FC
Airport,T5,8/24/2021,99,0,55,10,U4d,FC
Airport,T5,8/24/2021,100,0,57,10,U4d,FC
NIRPO,T6,8/23/2021,0,5,NA,NA,EI,T
NIRPO,T6,8/23/2021,1,7,48,30,E1,T
NIRPO,T6,8/23/2021,2,7,45,30,E1,T
NIRPO,T6,8/23/2021,3,0,51,16,U3,R
NIRPO,T6,8/23/2021,4,0,42,10,U3,R
NIRPO,T6,8/23/2021,5,0,41,18,U4,R
NIRPO,T6,8/23/2021,6,0,43,12,U3,R
NIRPO,T6,8/23/2021,7,0,40,15,U4,R
NIRPO,T6,8/23/2021,8,0,43,7,U3,FC
NIRPO,T6,8/23/2021,9,0,35,8,U4,FC
NIRPO,T6,8/23/2021,10,0,33,11,U4,FC
NIRPO,T6,8/23/2021,11,0,30,11,U2,FC
NIRPO,T6,8/23/2021,12,0,35,15,U4,FC
NIRPO,T6,8/23/2021,13,0,40,11,U4,FC
NIRPO,T6,8/23/2021,14,0,45,11,U4,FC
NIRPO,T6,8/23/2021,15,0,46,13,U3,FC
NIRPO,T6,8/23/2021,16,0,37,15,U4,R
NIRPO,T6,8/23/2021,17,0,48,14,U4,R
NIRPO,T6,8/23/2021,18,0,60,20,U4,R
NIRPO,T6,8/23/2021,19,21,57,35,E1,T
NIRPO,T6,8/23/2021,20,31,49,15,E1,T
NIRPO,T6,8/23/2021,21,0,37,23,E1,T
NIRPO,T6,8/23/2021,22,0,45,21,U4,FC
NIRPO,T6,8/23/2021,23,0,53,21,U4,FC
NIRPO,T6,8/23/2021,24,0,45,20,U4,FC
NIRPO,T6,8/23/2021,25,0,48,21,U4,FC
NIRPO,T6,8/23/2021,26,0,47,22,U4,FC
NIRPO,T6,8/23/2021,27,0,50,9,U4,FC
NIRPO,T6,8/23/2021,28,0,50,17,U4,FC
NIRPO,T6,8/23/2021,29,0,45,18,U2,FC
NIRPO,T6,8/23/2021,30,0,39,22,U2,FC
NIRPO,T6,8/23/2021,31,0,40,15,U4,R
NIRPO,T6,8/23/2021,32,0,40,21,U4,R
NIRPO,T6,8/23/2021,33,0,44,10,U3,R
NIRPO,T6,8/23/2021,34,0,60,30,U4,R
NIRPO,T6,8/23/2021,35,24,55,15,E1,P
NIRPO,T6,8/23/2021,36,52,48,14,W,P
NIRPO,T6,8/23/2021,37,48,50,14,W,P
NIRPO,T6,8/23/2021,38,38,50,10,W,P
NIRPO,T6,8/23/2021,39,0,65,17,E1,P
NIRPO,T6,8/23/2021,40,0,62,13,U3,R
NIRPO,T6,8/23/2021,41,0,43,7,U3,R
NIRPO,T6,8/23/2021,42,0,40,15,U3,R
NIRPO,T6,8/23/2021,43,0,44,18,U3,R
NIRPO,T6,8/23/2021,44,0,45,10,U3,R
NIRPO,T6,8/23/2021,45,0,50,18,U3,R
NIRPO,T6,8/23/2021,46,0,50,13,U3,R
NIRPO,T6,8/23/2021,47,0,43,14,U3,R
NIRPO,T6,8/23/2021,48,0,42,20,U3,R
NIRPO,T6,8/23/2021,49,0,47,16,U3,R
NIRPO,T6,8/23/2021,50,0,44,17,U3,R
NIRPO,T6,8/23/2021,51,0,45,18,U3,R
NIRPO,T6,8/23/2021,52,0,44,22,U2,R
NIRPO,T6,8/23/2021,53,12,63,30,E1,P
NIRPO,T6,8/23/2021,54,27,61,0,W,P
NIRPO,T6,8/23/2021,55,33,56,19,CALGIG,P
NIRPO,T6,8/23/2021,56,32,61,16,CALGIG,P
NIRPO,T6,8/23/2021,57,36,54,2,SCOSCO,P
NIRPO,T6,8/23/2021,58,37,57,18,"CALGIG,HIPVUL",P
NIRPO,T6,8/23/2021,59,36,62,11,CALGIG,P
NIRPO,T6,8/23/2021,60,43,55,0,W,P
NIRPO,T6,8/23/2021,61,42,56,0,W,P
NIRPO,T6,8/23/2021,62,42,52,0,W,P
NIRPO,T6,8/23/2021,63,36,52,10,HIPFUL,P
NIRPO,T6,8/23/2021,64,29,53,40,E1,P
NIRPO,T6,8/23/2021,65,22,49,0,W,P
NIRPO,T6,8/23/2021,66,13,48,13,E1,P
NIRPO,T6,8/23/2021,67,0,39,12,U4,R
NIRPO,T6,8/23/2021,68,0,35,15,U3,R
NIRPO,T6,8/23/2021,69,0,46,20,U3,R
NIRPO,T6,8/23/2021,70,0,54,11,U3,R
NIRPO,T6,8/23/2021,71,0,50,18,U4,R
NIRPO,T6,8/23/2021,72,0,45,23,U4,R
NIRPO,T6,8/23/2021,73,0,43,3,U2,R
NIRPO,T6,8/23/2021,74,0,48,17,U3,R
NIRPO,T6,8/23/2021,75,0,35,21,U4,T
NIRPO,T6,8/23/2021,76,0,52,20,U3,R
NIRPO,T6,8/23/2021,77,0,40,3,U3,R
NIRPO,T6,8/23/2021,78,0,52,17,U2,R
NIRPO,T6,8/23/2021,79,0,44,12,U2,LC
NIRPO,T6,8/23/2021,80,0,38,13,U2,LC
NIRPO,T6,8/23/2021,81,0,40,22,U4,R
NIRPO,T6,8/23/2021,82,0,40,21,U2,R
NIRPO,T6,8/23/2021,83,0,49,20,U3,R
NIRPO,T6,8/23/2021,84,0,47,24,U3,R
NIRPO,T6,8/23/2021,85,0,43,18,U4,R
NIRPO,T6,8/23/2021,86,0,49,20,U4,R
NIRPO,T6,8/23/2021,87,0,44,3,U3,B
NIRPO,T6,8/23/2021,88,0,52,17,U3,R
NIRPO,T6,8/23/2021,89,0,47,16,U2,R
NIRPO,T6,8/23/2021,90,0,41,20,U3,R
NIRPO,T6,8/23/2021,91,0,43,22,U4,R
NIRPO,T6,8/23/2021,92,0,33,22,U4,T
NIRPO,T6,8/23/2021,93,0,33,15,U4,T
NIRPO,T6,8/23/2021,94,0,46,21,U4,T
NIRPO,T6,8/23/2021,95,0,49,16,U3,FC
NIRPO,T6,8/23/2021,96,0,44,16,U3,FC
NIRPO,T6,8/23/2021,97,0,44,14,U3,FC
NIRPO,T6,8/23/2021,98,0,44,22,U4,FC
NIRPO,T6,8/23/2021,99,0,45,19,U3,FC
NIRPO,T6,8/23/2021,100,0,24,NA,U4,T
NIRPO,T6,8/23/2021,101,0,34,26,U2,T
NIRPO,T6,8/23/2021,102,0,37,24,U4,FC
NIRPO,T6,8/23/2021,103,0,41,22,U4,FC
NIRPO,T6,8/23/2021,104,0,28,18,M2,T
NIRPO,T6,8/23/2021,105,0,32,3,M2,T
NIRPO,T6,8/23/2021,106,0,39,26,M2,T
NIRPO,T6,8/23/2021,107,0,55,30,U3,R
NIRPO,T6,8/23/2021,108,0,59,40,U3,R
NIRPO,T6,8/23/2021,109,21,41,15,E1,P
NIRPO,T6,8/23/2021,110,33,51,5,W,P
NIRPO,T6,8/23/2021,111,44,49,5,W,P
NIRPO,T6,8/23/2021,112,45,46,5,W,P
NIRPO,T6,8/23/2021,113,21,49,15,W,P
NIRPO,T6,8/23/2021,114,0,44,25,U4,FC
NIRPO,T6,8/23/2021,115,0,47,21,U3,HC
NIRPO,T6,8/23/2021,116,0,46,21,U3,HC
NIRPO,T6,8/23/2021,117,0,48,23,U3,HC
NIRPO,T6,8/23/2021,118,0,53,18,U4,HC
NIRPO,T6,8/23/2021,119,0,55,14,U4,R
NIRPO,T6,8/23/2021,120,0,50,22,E1,P
NIRPO,T6,8/23/2021,121,0,47,25,M2,T
NIRPO,T6,8/23/2021,122,0,49,26,U3,R
NIRPO,T6,8/23/2021,123,0,42,22,U4,R
NIRPO,T6,8/23/2021,124,0,43,16,U4,R
NIRPO,T6,8/23/2021,125,0,48,18,U4,F
NIRPO,T6,8/23/2021,126,0,52,12,U3,F
NIRPO,T6,8/23/2021,127,0,42,7,U4,FC
NIRPO,T6,8/23/2021,128,0,41,11,U4,FC
NIRPO,T6,8/23/2021,129,0,42,10,U4,FC
NIRPO,T6,8/23/2021,130,0,39,15,U4,FC
NIRPO,T6,8/23/2021,131,0,41,18,U4,FC
NIRPO,T6,8/23/2021,132,0,43,17,U2,FC
NIRPO,T6,8/23/2021,133,0,41,18,U4,FC
NIRPO,T6,8/23/2021,134,0,42,13,U4,FC
NIRPO,T6,8/23/2021,135,0,46,11,U3,R
NIRPO,T6,8/23/2021,136,0,35,18,U4,T
NIRPO,T6,8/23/2021,137,0,34,22,U4,T
NIRPO,T6,8/23/2021,138,0,42,17,U4,R
NIRPO,T6,8/23/2021,139,0,40,18,U4,FC
NIRPO,T6,8/23/2021,140,0,38,16,U4,FC
NIRPO,T6,8/23/2021,141,0,38,17,U4,FC
NIRPO,T6,8/23/2021,142,0,40,15,U4,R
NIRPO,T6,8/23/2021,143,0,38,12,U4,R
NIRPO,T6,8/23/2021,144,0,28,9,U4,T
NIRPO,T6,8/23/2021,145,0,45,15,U4,FC
NIRPO,T6,8/23/2021,146,0,40,13,U4,FC
NIRPO,T6,8/23/2021,147,0,47,16,U4,FC
NIRPO,T6,8/23/2021,148,0,45,15,U4,FC
NIRPO,T6,8/23/2021,149,0,47,21,U4,FC
NIRPO,T6,8/23/2021,150,0,43,10,U4,R
NIRPO,T6,8/23/2021,151,0,42,16,U4,T
NIRPO,T6,8/23/2021,152,0,41,21,U4,R
NIRPO,T6,8/23/2021,153,0,58,20,U4,R
NIRPO,T6,8/23/2021,154,0,45,12,U4,FC
NIRPO,T6,8/23/2021,155,0,47,13,U4,FC
NIRPO,T6,8/23/2021,156,0,44,15,U4,FC
NIRPO,T6,8/23/2021,157,0,41,18,U4,FC
NIRPO,T6,8/23/2021,158,0,40,16,U4,FC
NIRPO,T6,8/23/2021,159,0,33,13,U4,FC
NIRPO,T6,8/23/2021,160,0,43,16,U4,FC
NIRPO,T6,8/23/2021,161,0,55,19,U4,FC
NIRPO,T6,8/23/2021,162,15,51,20,E1,P
NIRPO,T6,8/23/2021,163,33,51,0,W,P
NIRPO,T6,8/23/2021,164,34,48,13,CALGIG,P
NIRPO,T6,8/23/2021,165,36,42,10,CALGIG,P
NIRPO,T6,8/23/2021,166,0,50,28,E1,T
NIRPO,T6,8/23/2021,167,0,51,20,U3,FC
NIRPO,T6,8/23/2021,168,0,42,21,U4,FC
NIRPO,T6,8/23/2021,169,0,35,13,U4,FC
NIRPO,T6,8/23/2021,170,0,38,16,U4,FC
NIRPO,T6,8/23/2021,171,0,40,22,U4,FC
NIRPO,T6,8/23/2021,172,0,39,24,U4,FC
NIRPO,T6,8/23/2021,173,0,38,14,U4,FC
NIRPO,T6,8/23/2021,174,0,34,14,U4,FC
NIRPO,T6,8/23/2021,175,0,49,15,U3,R
NIRPO,T6,8/23/2021,176,0,45,13,U3,R
NIRPO,T6,8/23/2021,177,0,36,7,U4,T
NIRPO,T6,8/23/2021,178,0,47,22,U3,R
NIRPO,T6,8/23/2021,179,0,44,17,U4,R
NIRPO,T6,8/23/2021,180,0,50,18,U4,R
NIRPO,T6,8/23/2021,181,0,50,28,U4,R
NIRPO,T6,8/23/2021,182,0,45,25,M2,T
NIRPO,T6,8/23/2021,183,0,48,22,U4,R
NIRPO,T6,8/23/2021,184,0,49,23,U4,R
NIRPO,T6,8/23/2021,185,0,44,17,M2,T
NIRPO,T6,8/23/2021,186,0,46,12,U4,R
NIRPO,T6,8/23/2021,187,0,46,17,U4,R
NIRPO,T6,8/23/2021,188,0,45,22,M2,FC
NIRPO,T6,8/23/2021,189,0,51,22,M2,FC
NIRPO,T6,8/23/2021,190,0,53,18,M2,FC
NIRPO,T6,8/23/2021,191,0,57,21,M2,FC
NIRPO,T6,8/23/2021,192,0,54,22,M2,FC
NIRPO,T6,8/23/2021,193,0,52,19,M2,FC
NIRPO,T6,8/23/2021,194,0,50,17,M2,FC
NIRPO,T6,8/23/2021,195,0,46,23,M2,FC
NIRPO,T6,8/23/2021,196,0,43,24,U4,R
NIRPO,T6,8/23/2021,197,0,45,23,U4,FC
NIRPO,T6,8/23/2021,198,0,64,28,U4,FC
NIRPO,T6,8/23/2021,199,29,51,10,E1,P
NIRPO,T6,8/23/2021,200,36,50,35,W,P
NIRPO,T7,8/23/2021,0,0,42,12,U4,R
NIRPO,T7,8/23/2021,1,0,42,13,U4 ,R
NIRPO,T7,8/23/2021,2,0,40,7,M2,T
NIRPO,T7,8/23/2021,3,0,46,14,U4,R
NIRPO,T7,8/23/2021,4,0,45,10,U4,R
NIRPO,T7,8/23/2021,5,0,37,14,U4,R
NIRPO,T7,8/23/2021,6,0,33,5,U4,R
NIRPO,T7,8/23/2021,7,0,36,14,U4,R
NIRPO,T7,8/23/2021,8,0,42,7,U4,R
NIRPO,T7,8/23/2021,9,0,39,10,U4,R
NIRPO,T7,8/23/2021,10,0,42,11,U4,R
NIRPO,T7,8/23/2021,11,0,45,13,U4,R
NIRPO,T7,8/23/2021,12,0,42,9,U4,R
NIRPO,T7,8/23/2021,13,0,45,12,U4,R
NIRPO,T7,8/23/2021,14,0,43,11,U4,R
NIRPO,T7,8/23/2021,15,0,44,12,U4 ,R
NIRPO,T7,8/23/2021,16,0,39,8,U4,R
NIRPO,T7,8/23/2021,17,0,41,15,U4,R
NIRPO,T7,8/23/2021,18,0,45,10,M2,T
NIRPO,T7,8/23/2021,19,0,47,14,U4,R
NIRPO,T7,8/23/2021,20,0,55,10,U4,R
NIRPO,T7,8/23/2021,21,0,48,15,U4,R
NIRPO,T7,8/23/2021,22,0,37,10,U4,R
NIRPO,T7,8/23/2021,23,0,41,13,U4,R
NIRPO,T7,8/23/2021,24,0,31,5,U4,R
NIRPO,T7,8/23/2021,25,0,34,4,U4,R
NIRPO,T7,8/23/2021,26,0,39,5,U4,R
NIRPO,T7,8/23/2021,27,0,42,3,U4,R
NIRPO,T7,8/23/2021,28,0,59,4,U4,R
NIRPO,T7,8/23/2021,29,0,66,16,U4,R
NIRPO,T7,8/23/2021,30,9,71,21,E1,T
NIRPO,T7,8/23/2021,31,11,55,25,E1,T
NIRPO,T7,8/23/2021,32,20,44,36,E1,T
NIRPO,T7,8/23/2021,33,0,37,10,U4,R
NIRPO,T7,8/23/2021,34,0,49,20,U4,LC
NIRPO,T7,8/23/2021,35,0,48,10,M2,LC
NIRPO,T7,8/23/2021,36,3,51,15,M4,LC
NIRPO,T7,8/23/2021,37,5,50,15,M4,LC
NIRPO,T7,8/23/2021,38,5,53,17,M4,LC
NIRPO,T7,8/23/2021,39,8,52,10,M4,LC
NIRPO,T7,8/23/2021,40,9,50,16,M4,LC
NIRPO,T7,8/23/2021,41,6,50,11,M4,LC
NIRPO,T7,8/23/2021,42,6,50,15,M4,LC
NIRPO,T7,8/23/2021,43,0,53,8,M2,LC
NIRPO,T7,8/23/2021,44,0,48,12,U4,LC
NIRPO,T7,8/23/2021,45,0,47,12,U4,R
NIRPO,T7,8/23/2021,46,5,40,13,M2,T
NIRPO,T7,8/23/2021,47,,57,14,U4,R
NIRPO,T7,8/23/2021,48,,49,16,M2,LC
NIRPO,T7,8/23/2021,49,,55,11,M2,LC
NIRPO,T7,8/23/2021,50,4,46,14,M2,LC
NIRPO,T7,8/23/2021,51,1,52,16,M4,LC
NIRPO,T7,8/23/2021,52,5,52,16,M4,LC
NIRPO,T7,8/23/2021,53,5,52,17,M4,LC
NIRPO,T7,8/23/2021,54,3,51,12,M4,LC
NIRPO,T7,8/23/2021,55,0,53,12,M2,H
NIRPO,T7,8/23/2021,56,9,45,15,M4,T
NIRPO,T7,8/23/2021,57,10,45,18,M4,T
NIRPO,T7,8/23/2021,58,6,45,20,M4,T
NIRPO,T7,8/23/2021,59,1,48,10,M2,T
NIRPO,T7,8/23/2021,60,1,45,12,M2,T
NIRPO,T7,8/23/2021,61,0,46,11,M2,LC
NIRPO,T7,8/23/2021,62,0,45,10,M2,LC
NIRPO,T7,8/23/2021,63,1,44,12,M2,LC
NIRPO,T7,8/23/2021,64,3,44,16,M2,LC
NIRPO,T7,8/23/2021,65,0,45,10,U4,R
NIRPO,T7,8/23/2021,66,0,42,11,U4 ,R
NIRPO,T7,8/23/2021,67,0,50,7,U4,R
NIRPO,T7,8/23/2021,68,2,44,8,M2,T
NIRPO,T7,8/23/2021,69,0,52,12,M2,F
NIRPO,T7,8/23/2021,70,1,48,15,M2,F
NIRPO,T7,8/23/2021,71,5,48,13,M4,F
NIRPO,T7,8/23/2021,72,3,52,16,M4,F
NIRPO,T7,8/23/2021,73,5,52,16,M4,F
NIRPO,T7,8/23/2021,74,5,52,19,M4,F
NIRPO,T7,8/23/2021,75,6,48,20,M4,F
NIRPO,T7,8/23/2021,76,5,49,19,M4,F
NIRPO,T7,8/23/2021,77,4,48,13,M4,F
NIRPO,T7,8/23/2021,78,0,48,18,M2,F
NIRPO,T7,8/23/2021,79,4,48,17,M4,F
NIRPO,T7,8/23/2021,80,4,49,16,M2,LC
NIRPO,T7,8/23/2021,81,0,48,15,M2,LC
NIRPO,T7,8/23/2021,82,0,42,17,M2,LC
NIRPO,T7,8/23/2021,83,1,51,11,M2,LC
NIRPO,T7,8/23/2021,84,1,50,10,M2,LC
NIRPO,T7,8/23/2021,85,0,50,10,M2,LC
NIRPO,T7,8/23/2021,86,0,48,12,M2,LC
NIRPO,T7,8/23/2021,87,0,48,11,M2,LC
NIRPO,T7,8/23/2021,88,0,47,14,M2,LC
NIRPO,T7,8/23/2021,89,0,47,15,M2,LC
NIRPO,T7,8/23/2021,90,0,42,13,M2,LC
NIRPO,T7,8/23/2021,91,0,41,11,M2,LC
NIRPO,T7,8/23/2021,92,0,38,13,U4,R
NIRPO,T7,8/23/2021,93,0,47,8,U4,R
NIRPO,T7,8/23/2021,94,0,40,12,M2,LC
NIRPO,T7,8/23/2021,95,0,45,10,M2,LC
NIRPO,T7,8/23/2021,96,0,47,12,U4,H
NIRPO,T7,8/23/2021,97,0,45,9,M2,LC
NIRPO,T7,8/23/2021,98,0,44,10,M2,LC
NIRPO,T7,8/23/2021,99,0,40,13,M2,LC
NIRPO,T7,8/23/2021,100,0,42,12,U4,H
NIRPO,T7,8/23/2021,101,0,46,10,M2,T
NIRPO,T7,8/23/2021,102,0,40,14,M2,R
NIRPO,T7,8/23/2021,103,0,41,12,U4,F
NIRPO,T7,8/23/2021,104,0,37,9,U4,F
NIRPO,T7,8/23/2021,105,0,45,8,U4,F
NIRPO,T7,8/23/2021,106,0,35,13,M2,T
NIRPO,T7,8/23/2021,107,0,48,7,U4,R
NIRPO,T7,8/23/2021,108,0,50,10,M2,F
NIRPO,T7,8/23/2021,109,0,59,12,M2,F
NIRPO,T7,8/23/2021,110,0,60,10,M2,F
NIRPO,T7,8/23/2021,111,0,57,9,M2,F
NIRPO,T7,8/23/2021,112,2,52,12,M2,F
NIRPO,T7,8/23/2021,113,0,56,10,M2,H
NIRPO,T7,8/23/2021,114,0,54,11,M2,F
NIRPO,T7,8/23/2021,115,0,57,12,M2,F
NIRPO,T7,8/23/2021,116,1,57,7,M4,F
NIRPO,T7,8/23/2021,117,4,56,15,M4,F
NIRPO,T7,8/23/2021,118,4,54,12,M4,F
NIRPO,T7,8/23/2021,119,0,54,10,M2,F
NIRPO,T7,8/23/2021,120,0,52,7,U4 ,H
NIRPO,T7,8/23/2021,121,0,54,11,U4,F
NIRPO,T7,8/23/2021,122,0,53,14,M2,F
NIRPO,T7,8/23/2021,123,0,51,10,U4,R
NIRPO,T7,8/23/2021,124,0,48,7,U4 ,R
NIRPO,T7,8/23/2021,125,0,52,13,U4 ,R
NIRPO,T7,8/23/2021,126,0,39,11,U4,R
NIRPO,T7,8/23/2021,127,0,48,7,U4,R
NIRPO,T7,8/23/2021,128,0,48,14,U4,R
NIRPO,T7,8/23/2021,129,0,54,13,M2,F
NIRPO,T7,8/23/2021,130,0,50,12,U4,R
NIRPO,T7,8/23/2021,131,0,49,15,M2,F
NIRPO,T7,8/23/2021,132,0,51,14,M2,F
NIRPO,T7,8/23/2021,133,0,49,11,M2,F
NIRPO,T7,8/23/2021,134,0,47,11,M2,F
NIRPO,T7,8/23/2021,135,0,47,15,M2,F
NIRPO,T7,8/23/2021,136,0,48,16,M2,F
NIRPO,T7,8/23/2021,137,0,50,12,M2,F
NIRPO,T7,8/23/2021,138,0,48,13,M2,F
NIRPO,T7,8/23/2021,139,0,49,12,U4,R
NIRPO,T7,8/23/2021,140,0,47,14,U4,R
NIRPO,T7,8/23/2021,141,0,51,8,U4,R
NIRPO,T7,8/23/2021,142,0,48,11,U4,R
NIRPO,T7,8/23/2021,143,0,51,16,U4,R
NIRPO,T7,8/23/2021,144,23,53,0,U4,R
NIRPO,T7,8/23/2021,145,39,51,0,U4,R
NIRPO,T7,8/23/2021,146,34,53,0,U4,R
NIRPO,T7,8/23/2021,147,27,61,40,U4,R
NIRPO,T7,8/23/2021,148,25,54,35,W,P
NIRPO,T7,8/23/2021,149,18,52,30,E1,P
NIRPO,T7,8/23/2021,150,0,54,18,M2,T
NIRPO,T7,8/23/2021,151,0,50,14,U4,R
NIRPO,T7,8/23/2021,152,0,57,10,M2,F
NIRPO,T7,8/23/2021,153,0,55,11,E1,F
NIRPO,T7,8/23/2021,154,0,56,0,E1,F
NIRPO,T7,8/23/2021,155,0,58,0,E1,F
NIRPO,T7,8/23/2021,156,0,52,11,E1,F
NIRPO,T7,8/23/2021,157,0,53,10,E1,F
NIRPO,T7,8/23/2021,158,0,50,10,E1,F
NIRPO,T7,8/23/2021,159,0,54,10,E1,F
NIRPO,T7,8/23/2021,160,0,53,12,E1,F
NIRPO,T7,8/23/2021,161,0,55,11,E1,F
NIRPO,T7,8/23/2021,162,0,51,12,E1,F
NIRPO,T7,8/23/2021,163,0,50,5,E1,F
NIRPO,T7,8/23/2021,164,0,50,9,E1,F
NIRPO,T7,8/23/2021,165,0,52,10,E1,F
NIRPO,T7,8/23/2021,166,0,50,14,M4,F
NIRPO,T7,8/23/2021,167,0,55,12,M4,F
NIRPO,T7,8/23/2021,168,0,50,10,M4,F
NIRPO,T7,8/23/2021,169,0,48,13,M4,F
NIRPO,T7,8/23/2021,170,0,36,16,M4,F
NIRPO,T7,8/23/2021,171,1,55,15,M4,F
NIRPO,T7,8/23/2021,172,11,48,16,M4,T
NIRPO,T7,8/23/2021,173,0,58,13,M4,F
NIRPO,T7,8/23/2021,174,0,50,14,M4,F
NIRPO,T7,8/23/2021,175,0,57,15,M4,F
NIRPO,T7,8/23/2021,176,0,51,15,M4,F
NIRPO,T7,8/23/2021,177,0,51,15,M4,F
NIRPO,T7,8/23/2021,178,0,54,16,M4,F
NIRPO,T7,8/23/2021,179,0,53,15,M4,F
NIRPO,T7,8/23/2021,180,0,57,14,M4,F
NIRPO,T7,8/23/2021,181,0,52,15,M4,F
NIRPO,T7,8/23/2021,182,0,52,13,M4,F
NIRPO,T7,8/23/2021,183,0,56,15,M4,F
NIRPO,T7,8/23/2021,184,0,52,14,M4,F
NIRPO,T7,8/23/2021,185,0,53,10,M4,F
NIRPO,T7,8/23/2021,186,0,48,13,M2,F
NIRPO,T7,8/23/2021,187,0,50,14,M2,F
NIRPO,T7,8/23/2021,188,0,44,10,M2,F
NIRPO,T7,8/23/2021,189,0,53,7,M2,F
NIRPO,T7,8/23/2021,190,0,44,9,M2,F
NIRPO,T7,8/23/2021,191,0,44,10,U4,R
NIRPO,T7,8/23/2021,192,0,39,12,U4,R
NIRPO,T7,8/23/2021,193,0,43,5,U4,R
NIRPO,T7,8/23/2021,194,0,45,10,U4,R
NIRPO,T7,8/23/2021,195,0,44,12,M2,T
NIRPO,T7,8/23/2021,196,0,40,14,M2,T
NIRPO,T7,8/23/2021,197,0,44,14,U4,R
NIRPO,T7,8/23/2021,198,0,42,11,U4,R
NIRPO,T7,8/23/2021,199,0,43,10,U4,R
NIRPO,T7,8/23/2021,200,0,30,11,U4,R
NIRPO,T8,8/23/2021,0,NA,NA,NA,U4,R
NIRPO,T8,8/23/2021,1,0,31,12,M2,T
NIRPO,T8,8/23/2021,2,0,31,8,U3,R
NIRPO,T8,8/23/2021,3,0,40,10,U4,LC
NIRPO,T8,8/23/2021,4,0,42,11,U4,LC
NIRPO,T8,8/23/2021,5,0,38,12,U4,LC
NIRPO,T8,8/23/2021,6,0,45,14,U4,LC
NIRPO,T8,8/23/2021,7,4,43,20,M2,LC
NIRPO,T8,8/23/2021,8,0,43,9,M2,LC
NIRPO,T8,8/23/2021,9,0,44,12,M2,LC
NIRPO,T8,8/23/2021,10,0,47,11,M2,LC
NIRPO,T8,8/23/2021,11,0,45,18,M4,T
NIRPO,T8,8/23/2021,12,0,54,17,U4,R
NIRPO,T8,8/23/2021,13,0,34,14,M2,F
NIRPO,T8,8/23/2021,14,0,41,12,M2,F
NIRPO,T8,8/23/2021,15,0,40,15,M2,F
NIRPO,T8,8/23/2021,16,0,41,9,M2,P
NIRPO,T8,8/23/2021,17,0,42,10,M2,F
NIRPO,T8,8/23/2021,18,0,44,12,M2,F
NIRPO,T8,8/23/2021,19,0,45,13,M2,F
NIRPO,T8,8/23/2021,20,2,45,15,M2,F
NIRPO,T8,8/23/2021,21,3,47,15,M2,F
NIRPO,T8,8/23/2021,22,1,47,11,M2,F
NIRPO,T8,8/23/2021,23,3,45,14,M2,F
NIRPO,T8,8/23/2021,24,2,44,16,M2,F
NIRPO,T8,8/23/2021,25,2,45,15,M2,F
NIRPO,T8,8/23/2021,26,1,46,15,M2,F
NIRPO,T8,8/23/2021,27,1,43,13,M2,F
NIRPO,T8,8/23/2021,28,0,46,16,U4,R
NIRPO,T8,8/23/2021,29,0,41,15,U4,R
NIRPO,T8,8/23/2021,30,0,41,16,M2,F
NIRPO,T8,8/23/2021,31,0,40,18,M2,F
NIRPO,T8,8/23/2021,32,1,44,12,M2,F
NIRPO,T8,8/23/2021,33,0,44,15,M2,F
NIRPO,T8,8/23/2021,34,2,41,17,M2,F
NIRPO,T8,8/23/2021,35,2,41,21,M2,F
NIRPO,T8,8/23/2021,36,4,44,13,M2,F
NIRPO,T8,8/23/2021,37,4,45,16,M2,F
NIRPO,T8,8/23/2021,38,4,45,15,M2,F
NIRPO,T8,8/23/2021,39,4,47,20,M2,F
NIRPO,T8,8/23/2021,40,4,46,12,M2,F
NIRPO,T8,8/23/2021,41,4,46,14,M2,F
NIRPO,T8,8/23/2021,42,1,45,15,M4,F
NIRPO,T8,8/23/2021,43,3,42,23,M4,F
NIRPO,T8,8/23/2021,44,3,46,18,M2,F
NIRPO,T8,8/23/2021,45,5,42,18,M4,F
NIRPO,T8,8/23/2021,46,3,45,19,M4,F
NIRPO,T8,8/23/2021,47,5,44,18,M4,F
NIRPO,T8,8/23/2021,48,3,46,16,M4,F
NIRPO,T8,8/23/2021,49,5,44,17,M4,F
NIRPO,T8,8/23/2021,50,7,42,16,M4,F
NIRPO,T8,8/23/2021,51,5,46,17,M4,F
NIRPO,T8,8/23/2021,52,3,43,16,M4,F
NIRPO,T8,8/23/2021,53,3,45,17,M4,F
NIRPO,T8,8/23/2021,54,2,50,15,M4,F
NIRPO,T8,8/23/2021,55,7,45,17,M4,F
NIRPO,T8,8/23/2021,56,6,45,19,M4,F
NIRPO,T8,8/23/2021,57,7,47,15,M4,F
NIRPO,T8,8/23/2021,58,8,48,16,M4,F
NIRPO,T8,8/23/2021,59,7,46,16,M4,F
NIRPO,T8,8/23/2021,60,3,44,15,M4,F
NIRPO,T8,8/23/2021,61,4,41,16,M4,F
NIRPO,T8,8/23/2021,62,1,41,15,M2,F
NIRPO,T8,8/23/2021,63,3,40,15,M4,F
NIRPO,T8,8/23/2021,64,0,40,16,M4,F
NIRPO,T8,8/23/2021,65,3,37,18,M2,F
NIRPO,T8,8/23/2021,66,1,43,19,M2,F
NIRPO,T8,8/23/2021,67,4,43,17,M4,F
NIRPO,T8,8/23/2021,68,4,45,19,M4,F
NIRPO,T8,8/23/2021,69,3,43,18,M2,F
NIRPO,T8,8/23/2021,70,4,47,16,M4,F
NIRPO,T8,8/23/2021,71,4,46,16,M4,F
NIRPO,T8,8/23/2021,72,2,45,19,M4,F
NIRPO,T8,8/23/2021,73,4,40,15,M4,F
NIRPO,T8,8/23/2021,74,1,46,14,M2,F
NIRPO,T8,8/23/2021,75,0,50,16,M2,H
NIRPO,T8,8/23/2021,76,1,46,14,M4,F
NIRPO,T8,8/23/2021,77,2,43,15,M2,F
NIRPO,T8,8/23/2021,78,1,44,15,M2,F
NIRPO,T8,8/23/2021,79,5,37,19,M4,T
NIRPO,T8,8/23/2021,80,1,43,16,M2,F
NIRPO,T8,8/23/2021,81,0,43,16,M2,F
NIRPO,T8,8/23/2021,82,0,45,16,M2,F
NIRPO,T8,8/23/2021,83,0,44,19,M2,F
NIRPO,T8,8/23/2021,84,0,44,18,M2,F
NIRPO,T8,8/23/2021,85,0,43,19,M2,F
NIRPO,T8,8/23/2021,86,0,41,19,M2,F
NIRPO,T8,8/23/2021,87,0,41,15,M2,F
NIRPO,T8,8/23/2021,88,0,44,13,M2,F
NIRPO,T8,8/23/2021,89,0,40,13,M2,F
NIRPO,T8,8/23/2021,90,0,38,15,U4,F
NIRPO,T8,8/23/2021,91,0,37,12,U4,F
NIRPO,T8,8/23/2021,92,0,35,5,U4,F
NIRPO,T8,8/23/2021,93,0,31,10,U3,B
NIRPO,T8,8/23/2021,94,0,36,8,U10,B
NIRPO,T8,8/23/2021,95,0,34,8,U10,B
NIRPO,T8,8/23/2021,96,0,37,9,U10,B
NIRPO,T8,8/23/2021,97,0,32,10,U10,B
NIRPO,T8,8/23/2021,98,0,32,8,U4,F
NIRPO,T8,8/23/2021,99,0,33,16,U4,F
NIRPO,T8,8/23/2021,100,0,35,15,U4,F
NIRPO,T8,8/23/2021,101,0,37,12,U4,F
NIRPO,T8,8/23/2021,102,0,39,9,M2,F
NIRPO,T8,8/23/2021,103,0,42,11,M2,F
NIRPO,T8,8/23/2021,104,0,43,12,M2,F
NIRPO,T8,8/23/2021,105,0,43,15,M2,F
NIRPO,T8,8/23/2021,106,0,44,16,M2,F
NIRPO,T8,8/23/2021,107,0,41,12,M2,F
NIRPO,T8,8/23/2021,108,0,39,15,M2,F
NIRPO,T8,8/23/2021,109,0,40,17,M2,F
NIRPO,T8,8/23/2021,110,0,38,16,M2,F
NIRPO,T8,8/23/2021,111,0,39,19,M2,F
NIRPO,T8,8/23/2021,112,0,40,11,M2,F
NIRPO,T8,8/23/2021,113,0,40,15,M2,F
NIRPO,T8,8/23/2021,114,0,42,14,M2,F
NIRPO,T8,8/23/2021,115,0,40,10,M2,F
NIRPO,T8,8/23/2021,116,0,43,16,M2,F
NIRPO,T8,8/23/2021,117,1,41,18,M2,F
NIRPO,T8,8/23/2021,118,1,43,16,M2,F
NIRPO,T8,8/23/2021,119,3,39,20,M2,F
NIRPO,T8,8/23/2021,120,0,45,18,M2,F
NIRPO,T8,8/23/2021,121,2,41,17,M2,F
NIRPO,T8,8/23/2021,122,2,40,15,M2,F
NIRPO,T8,8/23/2021,123,0,42,16,M2,F
NIRPO,T8,8/23/2021,124,1,41,16,M2,F
NIRPO,T8,8/23/2021,125,1,40,14,M2,F
NIRPO,T8,8/23/2021,126,0,41,20,M2,F
NIRPO,T8,8/23/2021,127,0,40,17,M2,F
NIRPO,T8,8/23/2021,128,1,41,18,M2,F
NIRPO,T8,8/23/2021,129,1,41,13,M2,F
NIRPO,T8,8/23/2021,130,1,42,15,M4,F
NIRPO,T8,8/23/2021,131,2,41,13,M2,F
NIRPO,T8,8/23/2021,132,1,43,14,M2,F
NIRPO,T8,8/23/2021,133,1,43,16,M2,F
NIRPO,T8,8/23/2021,134,1,40,13,M2,F
NIRPO,T8,8/23/2021,135,0,35,15,U4,B
NIRPO,T8,8/23/2021,136,1,41,16,M2,F
NIRPO,T8,8/23/2021,137,1,42,17,M2,F
NIRPO,T8,8/23/2021,138,0,46,18,M2,F
NIRPO,T8,8/23/2021,139,1,42,17,M2,F
NIRPO,T8,8/23/2021,140,2,42,16,M4,F
NIRPO,T8,8/23/2021,141,3,43,12,M4,F
NIRPO,T8,8/23/2021,142,2,42,10,M4,F
NIRPO,T8,8/23/2021,143,3,42,9,M4,F
NIRPO,T8,8/23/2021,144,0,44,18,U2,F
NIRPO,T8,8/23/2021,145,3,40,13,M4,F
NIRPO,T8,8/23/2021,146,6,40,19,M4,F
NIRPO,T8,8/23/2021,147,4,42,17,M4,F
NIRPO,T8,8/23/2021,148,3,41,12,M4,F
NIRPO,T8,8/23/2021,149,6,42,13,M4,F
NIRPO,T8,8/23/2021,150,9,40,13,M4,F
NIRPO,T8,8/23/2021,151,5,40,14,M4,F
NIRPO,T8,8/23/2021,152,4,41,18,M4,F
NIRPO,T8,8/23/2021,153,4,40,17,M4,F
NIRPO,T8,8/23/2021,154,5,42,11,M4,F
NIRPO,T8,8/23/2021,155,5,38,19,M4,F
NIRPO,T8,8/23/2021,156,5,41,12,M4,F
NIRPO,T8,8/23/2021,157,1,42,15,M4,F
NIRPO,T8,8/23/2021,158,2,43,17,M4,F
NIRPO,T8,8/23/2021,159,2,43,16,M4,F
NIRPO,T8,8/23/2021,160,2,43,19,M4,F
NIRPO,T8,8/23/2021,161,4,41,12,M4,F
NIRPO,T8,8/23/2021,162,1,43,15,M4,F
NIRPO,T8,8/23/2021,163,4,41,17,M4,F
NIRPO,T8,8/23/2021,164,2,42,18,M4,F
NIRPO,T8,8/23/2021,165,0,43,15,M4,F
NIRPO,T8,8/23/2021,166,0,41,18,M2,F
NIRPO,T8,8/23/2021,167,0,40,17,M4,F
NIRPO,T8,8/23/2021,168,1,43,12,M4,F
NIRPO,T8,8/23/2021,169,2,40,13,M4,F
NIRPO,T8,8/23/2021,170,1,41,10,M4,F
NIRPO,T8,8/23/2021,171,0,43,9,M4,F
NIRPO,T8,8/23/2021,172,0,41,12,M4,F
NIRPO,T8,8/23/2021,173,0,42,15,M4,F
NIRPO,T8,8/23/2021,174,0,44,16,M4,F
NIRPO,T8,8/23/2021,175,0,44,18,M4,F
NIRPO,T8,8/23/2021,176,1,40,17,M2,F
NIRPO,T8,8/23/2021,177,1,42,17,M2,F
NIRPO,T8,8/23/2021,178,1,39,18,M4,F
NIRPO,T8,8/23/2021,179,0,45,18,M4,F
NIRPO,T8,8/23/2021,180,0,44,11,M4,F
NIRPO,T8,8/23/2021,181,3,42,13,M4,F
NIRPO,T8,8/23/2021,182,2,41,12,M4,F
NIRPO,T8,8/23/2021,183,4,40,13,M4,F
NIRPO,T8,8/23/2021,184,1,43,9,M4,F
NIRPO,T8,8/23/2021,185,3,42,13,M4,F
NIRPO,T8,8/23/2021,186,2,44,13,M4,F
NIRPO,T8,8/23/2021,187,1,42,15,M4,F
NIRPO,T8,8/23/2021,188,1,44,9,M4,F
NIRPO,T8,8/23/2021,189,2,38,16,M4,F
NIRPO,T8,8/23/2021,190,1,37,15,M4,F
NIRPO,T8,8/23/2021,191,0,42,15,M4,F
NIRPO,T8,8/23/2021,192,1,43,17,M4,F
NIRPO,T8,8/23/2021,193,3,43,18,M4,F
NIRPO,T8,8/23/2021,194,0,46,10,M4,F
NIRPO,T8,8/23/2021,195,4,42,12,M4,F
NIRPO,T8,8/23/2021,196,2,44,13,M4,F
NIRPO,T8,8/23/2021,197,3,42,16,M4,F
NIRPO,T8,8/23/2021,198,2,42,15,M4,F
NIRPO,T8,8/23/2021,199,5,41,16,M4,F
NIRPO,T8,8/23/2021,200,4,31,15,M4,F
NIRPO,T9,8/23/2021,0,0,NA,NA,M2,T
NIRPO,T9,8/23/2021,1,0,29,13,U4,T
NIRPO,T9,8/23/2021,2,0,28,7,U4,T
NIRPO,T9,8/23/2021,3,0,28,14,U4,T
NIRPO,T9,8/23/2021,4,0,37,10,U3,R
NIRPO,T9,8/23/2021,5,0,38,14,U3,R
NIRPO,T9,8/23/2021,6,0,37,5,U3,R
NIRPO,T9,8/23/2021,7,0,38,14,U3,R
NIRPO,T9,8/23/2021,8,0,39,7,U3,R
NIRPO,T9,8/23/2021,9,0,45,10,U$,R
NIRPO,T9,8/23/2021,10,0,53,11,U4,R
NIRPO,T9,8/23/2021,11,0,40,13,E1,T
NIRPO,T9,8/23/2021,12,0,48,9,U4,T
NIRPO,T9,8/23/2021,13,0,41,12,U4,FC
NIRPO,T9,8/23/2021,14,0,40,11,U4,FC
NIRPO,T9,8/23/2021,15,0,39,12,U4,FC
NIRPO,T9,8/23/2021,16,0,42,8,U4,FC
NIRPO,T9,8/23/2021,17,0,36,15,U3,R
NIRPO,T9,8/23/2021,18,0,39,10,U3,R
NIRPO,T9,8/23/2021,19,0,36,14,U4,FC
NIRPO,T9,8/23/2021,20,0,38,10,U4,FC
NIRPO,T9,8/23/2021,21,0,38,15,U4,FC
NIRPO,T9,8/23/2021,22,0,38,10,U4,FC
NIRPO,T9,8/23/2021,23,0,39,13,U4,FC
NIRPO,T9,8/23/2021,24,0,35,5,U3,R
NIRPO,T9,8/23/2021,25,0,35,4,U3,R
NIRPO,T9,8/23/2021,26,0,42,5,U3,R
NIRPO,T9,8/23/2021,27,0,42,3,U4,FC
NIRPO,T9,8/23/2021,28,0,38,4,U4,FC
NIRPO,T9,8/23/2021,29,0,40,16,U4,FC
NIRPO,T9,8/23/2021,30,0,39,21,U4,FC
NIRPO,T9,8/23/2021,31,0,40,25,U3,FC
NIRPO,T9,8/23/2021,32,0,44,36,U4,R
NIRPO,T9,8/23/2021,33,0,38,10,M2,T
NIRPO,T9,8/23/2021,34,0,40,20,U3,R
NIRPO,T9,8/23/2021,35,0,40,10,U4,FC
NIRPO,T9,8/23/2021,36,0,34,15,U4,FC
NIRPO,T9,8/23/2021,37,0,36,15,U4,FC
NIRPO,T9,8/23/2021,38,0,33,17,U4,FC
NIRPO,T9,8/23/2021,39,0,38,10,U3,R
NIRPO,T9,8/23/2021,40,0,29,16,M2,T
NIRPO,T9,8/23/2021,41,0,36,11,U3,R
NIRPO,T9,8/23/2021,42,0,33,15,U4,FC
NIRPO,T9,8/23/2021,43,0,35,8,U4,T
NIRPO,T9,8/23/2021,44,0,35,12,M2,T
NIRPO,T9,8/23/2021,45,0,40,12,U4,FC
NIRPO,T9,8/23/2021,46,0,34,13,U4,T
NIRPO,T9,8/23/2021,47,0,42,14,U4,FC
NIRPO,T9,8/23/2021,48,0,38,16,U4,FC
NIRPO,T9,8/23/2021,49,0,40,11,U4,FC
NIRPO,T9,8/23/2021,50,0,31,14,U4,FC
NIRPO,T9,8/23/2021,51,0,42,16,U4,FC
NIRPO,T9,8/23/2021,52,0,39,16,U4,FC
NIRPO,T9,8/23/2021,53,0,37,17,U4,FC
NIRPO,T9,8/23/2021,54,0,34,12,U3,FC
NIRPO,T9,8/23/2021,55,0,35,12,U3,R
NIRPO,T9,8/23/2021,56,0,34,13,U4,T
NIRPO,T9,8/23/2021,57,0,33,18,U3,R
NIRPO,T9,8/23/2021,58,0,34,20,U4,FC
NIRPO,T9,8/23/2021,59,0,32,10,U4,FC
NIRPO,T9,8/23/2021,60,0,32,12,U4,FC
NIRPO,T9,8/23/2021,61,0,33,11,U4,FC
NIRPO,T9,8/23/2021,62,0,29,10,M2,T
NIRPO,T9,8/23/2021,63,0,37,12,U4,FC
NIRPO,T9,8/23/2021,64,0,34,16,U4,FC
NIRPO,T9,8/23/2021,65,0,37,10,U4,FC
NIRPO,T9,8/23/2021,66,0,37,11,U4,FC
NIRPO,T9,8/23/2021,67,0,36,7,U4,FC
NIRPO,T9,8/23/2021,68,0,35,8,U4,FC
NIRPO,T9,8/23/2021,69,0,43,12,U4,FC
NIRPO,T9,8/23/2021,70,0,41,15,U4,FC
NIRPO,T9,8/23/2021,71,0,42,13,U4,FC
NIRPO,T9,8/23/2021,72,0,38,16,U4,FC
NIRPO,T9,8/23/2021,73,0,40,16,U4,GC
NIRPO,T9,8/23/2021,74,0,42,19,U4,FC
NIRPO,T9,8/23/2021,75,0,35,20,U4,R
NIRPO,T9,8/23/2021,76,0,32,19,M2,T
NIRPO,T9,8/23/2021,77,0,35,13,M2,T
NIRPO,T9,8/23/2021,78,0,37,18,M2,T
NIRPO,T9,8/23/2021,79,0,39,17,U4,R
NIRPO,T9,8/23/2021,80,0,35,16,U4,R
NIRPO,T9,8/23/2021,81,0,38,15,U4,LC
NIRPO,T9,8/23/2021,82,0,42,17,U4,LC
NIRPO,T9,8/23/2021,83,0,38,11,U4,LC
NIRPO,T9,8/23/2021,84,0,39,10,U4,LC
NIRPO,T9,8/23/2021,85,0,42,10,M2,LC
NIRPO,T9,8/23/2021,86,0,40,12,M2,LC
NIRPO,T9,8/23/2021,87,0,36,11,M2,T
NIRPO,T9,8/23/2021,88,0,41,14,M2,LC
NIRPO,T9,8/23/2021,89,0,46,15,M2,LC
NIRPO,T9,8/23/2021,90,0,46,13,M2,LC
NIRPO,T9,8/23/2021,91,2,44,11,M2,LC
NIRPO,T9,8/23/2021,92,1,47,13,M2,LC
NIRPO,T9,8/23/2021,93,0,48,8,M2,LC
NIRPO,T9,8/23/2021,94,0,44,12,M2,LC
NIRPO,T9,8/23/2021,95,0,41,10,U4,LC
NIRPO,T9,8/23/2021,96,5,39,12,M2,T
NIRPO,T9,8/23/2021,97,0,39,9,U4,R
NIRPO,T9,8/23/2021,98,1,41,10,M2,LC
NIRPO,T9,8/23/2021,99,0,43,13,M2,LC
NIRPO,T9,8/23/2021,100,0,41,12,M2,LC
Jorgenson,JS,8/26/2021,0,0,17,55,U4,FC
Jorgenson,JS,8/26/2021,1,0,45,15,U4,FC
Jorgenson,JS,8/26/2021,2,0,50,17,U4,FC
Jorgenson,JS,8/26/2021,3,0,43,18,U4,T 
Jorgenson,JS,8/26/2021,4,0,48,10,U4,FC
Jorgenson,JS,8/26/2021,5,0,50,9,U4,FC
Jorgenson,JS,8/26/2021,6,0,50,15,U4,FC
Jorgenson,JS,8/26/2021,7,0,52,12,U4,FC
Jorgenson,JS,8/26/2021,8,0,47,11,U4,FC
Jorgenson,JS,8/26/2021,9,0,50,15,U4,FC
Jorgenson,JS,8/26/2021,10,0,49,13,U4,FC
Jorgenson,JS,8/26/2021,11,0,48,11,U4,FC
Jorgenson,JS,8/26/2021,12,0,50,10,U4,FC
Jorgenson,JS,8/26/2021,13,0,47,17,U4,FC
Jorgenson,JS,8/26/2021,14,0,54,11,U4,FC
Jorgenson,JS,8/26/2021,15,0,45,18,M2,FC
Jorgenson,JS,8/26/2021,16,0,55,15,M2,FC
Jorgenson,JS,8/26/2021,17,0,54,16,M2,FC
Jorgenson,JS,8/26/2021,18,0,48,16,M2,FC
Jorgenson,JS,8/26/2021,19,0,48,14,M2,FC
Jorgenson,JS,8/26/2021,20,0,50,18,M2,FC
Jorgenson,JS,8/26/2021,21,0,49,17,U4,FC
Jorgenson,JS,8/26/2021,22,0,48,14,U4,FC
Jorgenson,JS,8/26/2021,23,0,57,2,U3,FC
Jorgenson,JS,8/26/2021,24,0,64,23,U4,FC
Jorgenson,JS,8/26/2021,25,19,51,0,E1,P
Jorgenson,JS,8/26/2021,26,28,43,8,CALGIG,P
Jorgenson,JS,8/26/2021,27,28,46,40,E1,P
Jorgenson,JS,8/26/2021,28,16,49,40,E1,P
Jorgenson,JS,8/26/2021,29,0,52,12,U3,FC
Jorgenson,JS,8/26/2021,30,0,53,16,U3,FC
Jorgenson,JS,8/26/2021,31,0,53,9,U3,FC
Jorgenson,JS,8/26/2021,32,0,52,12,U4,FC
Jorgenson,JS,8/26/2021,33,0,46,11,U4,FC
Jorgenson,JS,8/26/2021,34,0,49,15,U4,FC
Jorgenson,JS,8/26/2021,35,0,43,12,U4,FC
Jorgenson,JS,8/26/2021,36,0,44,13,U4,FC
Jorgenson,JS,8/26/2021,37,0,42,13,U4,FC
Jorgenson,JS,8/26/2021,38,0,47,12,U4,FC
Jorgenson,JS,8/26/2021,39,0,41,12,U4,T 
Jorgenson,JS,8/26/2021,40,0,48,10,U4,T 
Jorgenson,JS,8/26/2021,41,0,52,17,U4,R
Jorgenson,JS,8/26/2021,42,0,48,15,U4,R
Jorgenson,JS,8/26/2021,43,0,39,19,U4,T 
Jorgenson,JS,8/26/2021,44,0,52,9,U4,R
Jorgenson,JS,8/26/2021,45,0,42,14,U4,FC
Jorgenson,JS,8/26/2021,46,0,46,11,U4,FC
Jorgenson,JS,8/26/2021,47,0,50,12,U4,FC
Jorgenson,JS,8/26/2021,48,0,54,9,M2,FC
Jorgenson,JS,8/26/2021,49,0,53,12,M2,FC
Jorgenson,JS,8/26/2021,50,0,60,2,U4,FC
Jorgenson,JS,8/26/2021,51,0,58,17,M2,FC
Jorgenson,JS,8/26/2021,52,0,60,9,M2,FC
Jorgenson,JS,8/26/2021,53,0,60,16,M2,FC
Jorgenson,JS,8/26/2021,54,0,59,16,M2,FC
Jorgenson,JS,8/26/2021,55,0,59,15,M2,FC
Jorgenson,JS,8/26/2021,56,0,58,10,U4,FC
Jorgenson,JS,8/26/2021,57,0,52,18,U4,FC
Jorgenson,JS,8/26/2021,58,0,64,15,U4,R
Jorgenson,JS,8/26/2021,59,19,45,40,E1,T 
Jorgenson,JS,8/26/2021,60,26,42,42,E1,T 
Jorgenson,JS,8/26/2021,61,27,36,45,E1,T 
Jorgenson,JS,8/26/2021,62,0,63,15,U4,FC
Jorgenson,JS,8/26/2021,63,0,53,15,U4,FC
Jorgenson,JS,8/26/2021,64,0,45,11,U4,FC
Jorgenson,JS,8/26/2021,65,0,57,10,M2,FC
Jorgenson,JS,8/26/2021,66,0,56,10,M2,FC
Jorgenson,JS,8/26/2021,67,0,58,10,U4,FC
Jorgenson,JS,8/26/2021,68,0,60,1,U4,FC
Jorgenson,JS,8/26/2021,69,0,59,8,U4,FC
Jorgenson,JS,8/26/2021,70,0,59,7,U4,FC
Jorgenson,JS,8/26/2021,71,0,63,15,U4,R
Jorgenson,JS,8/26/2021,72,60,42,55,E1,T 
Jorgenson,JS,8/26/2021,73,60,41,70,E1,T 
Jorgenson,JS,8/26/2021,74,38,47,55,E1,T 
Jorgenson,JS,8/26/2021,75,0,71,18,U4,R
Jorgenson,JS,8/26/2021,76,0,56,15,U4,FC
Jorgenson,JS,8/26/2021,77,0,56,8,U4,FC
Jorgenson,JS,8/26/2021,78,0,52,15,U4,FC
Jorgenson,JS,8/26/2021,79,0,52,12,U4,FC
Jorgenson,JS,8/26/2021,80,0,52,15,M2,FC
Jorgenson,JS,8/26/2021,81,0,52,11,U4,FC
Jorgenson,JS,8/26/2021,82,0,52,15,U4,FC
Jorgenson,JS,8/26/2021,83,0,49,11,U4,FC
Jorgenson,JS,8/26/2021,84,0,52,20,U4,T 
Jorgenson,JS,8/26/2021,85,20,44,35,E1,T 
Jorgenson,JS,8/26/2021,86,0,65,12,U4,R
Jorgenson,JS,8/26/2021,87,0,56,12,U4,FC
Jorgenson,JS,8/26/2021,88,0,57,12,U4,FC
Jorgenson,JS,8/26/2021,89,0,57,13,M2,FC
Jorgenson,JS,8/26/2021,90,0,60,7,U4,FC
Jorgenson,JS,8/26/2021,91,0,59,12,U4,FC
Jorgenson,JS,8/26/2021,92,0,57,9,U4,FC
Jorgenson,JS,8/26/2021,93,0,55,15,U4,FC
Jorgenson,JS,8/26/2021,94,0,54,17,M2,FC
Jorgenson,JS,8/26/2021,95,9,69,20,E1,T 
Jorgenson,JS,8/26/2021,96,50,64,NA,HIPVUL,T 
Jorgenson,JS,8/26/2021,97,54,49,NA,HIPVUL,T 
Jorgenson,JS,8/26/2021,98,19,71,38,E1,T 
Jorgenson,JS,8/26/2021,99,0,69,25,M2,T 
Jorgenson,JS,8/26/2021,100,0,67,19,M2,T 
Jorgenson,JS,8/26/2021,101,10,59,30,E1,T 
Jorgenson,JS,8/26/2021,102,13,47,40,E1,T 
Jorgenson,JS,8/26/2021,103,25,51,50,"E1, SCOSCO",T 
Jorgenson,JS,8/26/2021,104,24,53,18,SCOSCO,T 
Jorgenson,JS,8/26/2021,105,26,47,20,SCOSCO,T 
Jorgenson,JS,8/26/2021,106,22,46,40,"E1, SCOSCO",T 
Jorgenson,JS,8/26/2021,107,0,53,12,M2,R
Jorgenson,JS,8/26/2021,108,0,58,12,U4,FC
Jorgenson,JS,8/26/2021,109,0,50,12,M2,FC
Jorgenson,JS,8/26/2021,110,0,50,14,U4,FC
Jorgenson,JS,8/26/2021,111,0,61,10,M2,FC
Jorgenson,JS,8/26/2021,112,24,50,40,E1,T 
Jorgenson,JS,8/26/2021,113,13,48,28,E1,T 
Jorgenson,JS,8/26/2021,114,0,54,15,U4,R
Jorgenson,JS,8/26/2021,115,0,53,12,M2,LC
Jorgenson,JS,8/26/2021,116,0,56,12,M2,LC
Jorgenson,JS,8/26/2021,117,0,58,12,M2,LC
Jorgenson,JS,8/26/2021,118,0,59,10,U4,LC
Jorgenson,JS,8/26/2021,119,0,58,12,U4,LC
Jorgenson,JS,8/26/2021,120,0,60,8,U4,LC
Jorgenson,JS,8/26/2021,121,0,59,10,U4,R
Jorgenson,JS,8/26/2021,122,0,56,8,U4,R
Jorgenson,JS,8/26/2021,123,0,48,12,U4,R
Jorgenson,JS,8/26/2021,124,0,51,12,U4,R
Jorgenson,JS,8/26/2021,125,0,52,18,U4,R
Jorgenson,JS,8/26/2021,126,0,50,15,U4,T 
Jorgenson,JS,8/26/2021,127,0,51,12,U4,R
Jorgenson,JS,8/26/2021,128,0,60,2,U3,R
Jorgenson,JS,8/26/2021,129,0,45,12,U4,R
Jorgenson,JS,8/26/2021,130,0,54,12,U4,R
Jorgenson,JS,8/26/2021,131,0,54,9,U4,R
Jorgenson,JS,8/26/2021,132,0,57,10,M2,LC
Jorgenson,JS,8/26/2021,133,0,56,17,M2,LC
Jorgenson,JS,8/26/2021,134,0,55,12,M2,LC
Jorgenson,JS,8/26/2021,135,0,60,12,U4,R
Jorgenson,JS,8/26/2021,136,0,52,15,U4,R
Jorgenson,JS,8/26/2021,137,0,50,23,U4,R
Jorgenson,JS,8/26/2021,138,0,50,18,U4,T 
Jorgenson,JS,8/26/2021,139,0,55,17,U4,R
Jorgenson,JS,8/26/2021,140,0,51,15,U4,FC
Jorgenson,JS,8/26/2021,141,0,54,12,U4,FC
Jorgenson,JS,8/26/2021,142,0,54,12,U4,FC
Jorgenson,JS,8/26/2021,143,0,58,15,U4,FC
Jorgenson,JS,8/26/2021,144,0,81,15,U4,FC
Jorgenson,JS,8/26/2021,145,55,49,65,E1,T 
Jorgenson,JS,8/26/2021,146,63,52,75,E1,T 
Jorgenson,JS,8/26/2021,147,59,51,0,W,T 
Jorgenson,JS,8/26/2021,148,5,79,35,E1,T 
Jorgenson,JS,8/26/2021,149,0,62,15,U4,FC
Jorgenson,JS,8/26/2021,150,0,56,15,U4,FC
Jorgenson,JS,8/26/2021,151,0,56,4,U3,FC
Jorgenson,JS,8/26/2021,152,0,57,10,U4,FC
Jorgenson,JS,8/26/2021,153,0,57,12,U4,FC
Jorgenson,JS,8/26/2021,154,0,59,12,U4,FC
Jorgenson,JS,8/26/2021,155,0,56,11,U4,FC
Jorgenson,JS,8/26/2021,156,0,57,13,U4,FC
Jorgenson,JS,8/26/2021,157,0,57,12,U4,FC
Jorgenson,JS,8/26/2021,158,0,61,10,U4,FC
Jorgenson,JS,8/26/2021,159,0,60,15,U4,FC
Jorgenson,JS,8/26/2021,160,0,60,10,U4,FC
Jorgenson,JS,8/26/2021,161,0,59,13,U4,FC
Jorgenson,JS,8/26/2021,162,0,57,10,U4,FC
Jorgenson,JS,8/26/2021,163,0,60,13,U4,FC
Jorgenson,JS,8/26/2021,164,0,68,15,U4,FC
Jorgenson,JS,8/26/2021,165,7,58,39,E1,T 
Jorgenson,JS,8/26/2021,166,5,58,30,E1,T 
Jorgenson,JS,8/26/2021,167,8,55,29,E1,T 
Jorgenson,JS,8/26/2021,168,10,56,40,E1,T 
Jorgenson,JS,8/26/2021,169,12,55,36,E1,T 
Jorgenson,JS,8/26/2021,170,12,48,40,E1,T 
Jorgenson,JS,8/26/2021,171,0,63,12,U4,FC
Jorgenson,JS,8/26/2021,172,0,54,10,U4,FC
Jorgenson,JS,8/26/2021,173,0,56,12,U4,FC
Jorgenson,JS,8/26/2021,174,0,56,10,U4,FC
Jorgenson,JS,8/26/2021,175,0,55,12,U4,FC
Jorgenson,JS,8/26/2021,176,0,55,7,U4,FC
Jorgenson,JS,8/26/2021,177,0,54,9,U4,FC
Jorgenson,JS,8/26/2021,178,0,54,7,U4,FC
Jorgenson,JS,8/26/2021,179,0,54,12,U4,FC
Jorgenson,JS,8/26/2021,180,0,56,10,M2,FC
Jorgenson,JS,8/26/2021,181,0,57,12,U4,FC
Jorgenson,JS,8/26/2021,182,0,59,12,U4,FC
Jorgenson,JS,8/26/2021,183,0,60,12,M2,FC
Jorgenson,JS,8/26/2021,184,0,62,20,M2,T 
Jorgenson,JS,8/26/2021,185,36,55,50,E1,P
Jorgenson,JS,8/26/2021,186,51,54,15,SCOSCO,P
Jorgenson,JS,8/26/2021,187,47,51,15,SCOSCO,P
Jorgenson,JS,8/26/2021,188,19,56,45,E1,P
Jorgenson,JS,8/26/2021,189,0,57,12,M2,R
Jorgenson,JS,8/26/2021,190,0,53,12,U4,R
Jorgenson,JS,8/26/2021,191,0,55,12,U4,LC
Jorgenson,JS,8/26/2021,192,0,56,12,U4,LC
Jorgenson,JS,8/26/2021,193,0,61,7,M2,LC
Jorgenson,JS,8/26/2021,194,0,61,10,M2,LC
Jorgenson,JS,8/26/2021,195,0,60,12,M2,LC
Jorgenson,JS,8/26/2021,196,0,55,14,U4,LC
Jorgenson,JS,8/26/2021,197,0,56,12,U4,R
Jorgenson,JS,8/26/2021,198,0,56,10,U4,R
Jorgenson,JS,8/26/2021,199,0,56,15,U4,R
Jorgenson,JS,8/26/2021,200,0,58,15,U4,R
Jorgenson,JS,8/26/2021,201,0,52,14,U4,R
Jorgenson,JS,8/26/2021,202,0,57,8,U4,FC
Jorgenson,JS,8/26/2021,203,0,50,10,U4,R
Jorgenson,JS,8/26/2021,204,0,54,10,U4,R
Jorgenson,JS,8/26/2021,205,0,56,13,U4,R
Jorgenson,JS,8/26/2021,206,0,53,10,U4,R
Jorgenson,JS,8/26/2021,207,0,55,15,U4,R
Jorgenson,JS,8/26/2021,208,0,55,15,M2,R
Jorgenson,JS,8/26/2021,209,0,58,12,M2,FC
Jorgenson,JS,8/26/2021,210,0,60,12,U4,FC
Jorgenson,JS,8/26/2021,211,0,51,12,U4,FC
Jorgenson,JS,8/26/2021,212,0,48,12,U4,R
Jorgenson,JS,8/26/2021,213,0,47,12,U4,R
Jorgenson,JS,8/26/2021,214,0,57,10,U3,R
Jorgenson,JS,8/26/2021,215,0,55,16,U4,R
Jorgenson,JS,8/26/2021,216,8,56,15,E1,T 
Jorgenson,JS,8/26/2021,217,20,63,15,E1,T 
Jorgenson,JS,8/26/2021,218,40,53,50,HIPVUL,T 
Jorgenson,JS,8/26/2021,219,33,54,15,E1,T 
Jorgenson,JS,8/26/2021,220,0,68,10,U4,R
Jorgenson,JS,8/26/2021,221,0,54,7,U4,R
Jorgenson,JS,8/26/2021,222,0,51,5,U4,R
Jorgenson,JS,8/26/2021,223,0,48,13,U4,FC
Jorgenson,JS,8/26/2021,224,0,52,5,U4,FC
Jorgenson,JS,8/26/2021,225,0,50,8,U4,FC
Jorgenson,JS,8/26/2021,226,0,52,8,U4,FC
Jorgenson,JS,8/26/2021,227,0,54,7,M2,FC
Jorgenson,JS,8/26/2021,228,0,51,8,M2,FC
Jorgenson,JS,8/26/2021,229,0,54,6,U4,FC
Jorgenson,JS,8/26/2021,230,0,49,12,M2,T 
Jorgenson,JS,8/26/2021,231,0,53,18,M2,T 
Jorgenson,JS,8/26/2021,232,0,54,10,M2,T 
Jorgenson,JS,8/26/2021,233,5,47,16,M2,T 
Jorgenson,JS,8/26/2021,234,0,55,12,M2,FC
Jorgenson,JS,8/26/2021,235,0,55,15,M2,FC
Jorgenson,JS,8/26/2021,236,0,57,10,M2,FC
Jorgenson,JS,8/26/2021,237,0,58,11,M2,FC
Jorgenson,JS,8/26/2021,238,0,51,12,M2,FC
Jorgenson,JS,8/26/2021,239,0,60,12,M2,FC
Jorgenson,JS,8/26/2021,240,0,56,15,M2,FC
Jorgenson,JS,8/26/2021,241,0,56,12,M2,FC
Jorgenson,JS,8/26/2021,242,0,54,10,M2,FC
Jorgenson,JS,8/26/2021,243,0,55,10,M2,FC
Jorgenson,JS,8/26/2021,244,0,55,12,M2,R
Jorgenson,JS,8/26/2021,245,17,60,44,E1,T 
Jorgenson,JS,8/26/2021,246,57,53,64,E1,T 
Jorgenson,JS,8/26/2021,247,57,54,70,E1,T 
Jorgenson,JS,8/26/2021,248,38,56,63,E1,T 
Jorgenson,JS,8/26/2021,249,23,51,35,E1,T 
Jorgenson,JS,8/26/2021,250,9,46,12,E1,T 
